Source Name,Mention Count,
allafrica.com,888,
tanzaniatoday.co.tz,644,
dailynews.co.tz,557,
xinhuanet.com,555,
china.org.cn,271,
chinadaily.com.cn,225,
sina.com,165,
reuters.com,150,
ecns.cn,134,
24tanzania.com,126,
bloomberg.com,114,
politicsweb.co.za,108,
globaltimes.cn,101,
globalconstructionreview.com,100,
ibn-tv.com,90,
yahoo.com,85,
standardmedia.co.ke,83,
coastweek.com,81,
en.people.cn,80,
tanzanianewsreports.com,80,
bjreview.com,79,
ippmedia.com,73,
BBC Monitoring,68,
defenceweb.co.za,63,
chinamil.com.cn,58,
en.ce.cn,54,
peopledaily.com.cn,51,
thecitizen.co.tz,50,
4-traders.com,50,
trust.org,49,
skyscrapercity.com,44,
africatime.com,44,
people.com.cn,43,
hellenicshippingnews.com,41,
asokoinsight.com,40,
en.gmw.cn,39,
in2eastafrica.net,39,
jschina.com.cn,39,
dailymail.co.uk,38,
engineeringnews.co.za,35,
dnaindia.com,33,
bjreview.com.cn,32,
fmprc.gov.cn,32,
shanghaidaily.com,32,
exchange.co.tz,31,TZ and KE
china.com,31,
iol.co.za,30,
businesstimes.co.tz,29,Nope
southerntimesafrica.com,28,
herald.co.zw,26,
cp-africa.com,26,
the-star.co.ke,25,
miningweekly.com,25,
mgafrica.com,25,
africajournalismtheworld.com,24,
ap.org,24,
scmp.com,23,
today.ng,23,
english.cntv.cn,22,
news24.com,22,
infosurhoy.com,22,
proactiveinvestors.co.uk,22,
channelnewsasia.com,21,
alghad.com,21,
blogspot.com,21,
espanol.cri.cn,21,
wftv.com,20,
thepublicopinion.com,20,
gbooza.com,20,
wickedlocal.com,20,
theepochtimes.com,20,
ghanaweb.com,20,
focac.org,19,
worldcoal.com,19,
couriermail.com.au,19,
defence.pk,19,
albawabhnews.com,19,
euronews.com,19,
brinkwire.com,19,
freshplaza.com,19,
bdlive.co.za,18,
busiweek.com,18,
monitor.co.ug,18,
appeal-democrat.com,17,
breitbart.com,17,
fusion.net,16,
french.cri.cn,16,
ivpressonline.com,16,
businessdailyafrica.com,16,
washingtonpost.com,16,
theaustralian.com.au,16,
proactiveinvestors.com.au,16,
wsoctv.com,16,
globalpost.com,16,
theage.com.au,16,
miningreview.com,16,
smh.com.au,16,
arabic.news.cn,16,
heraldstandard.com,16,
thezambezian.com,16,
theafricareport.com,15,
nation.co.ke,15,
angop.ao,15,
africaleader.com,15,
menafn.com,15,
wantchinatimes.com,15,
naija247news.com,15,
cnn.com,15,
sundaymail.co.zw,15,
thezimbabwedaily.com,14,
miningmx.com,14,
bulawayo24.com,14,
telegraph.co.uk,14,
modernghana.com,14,
perthnow.com.au,14,
businessinsider.com,14,
qz.com,14,
voanews.com,14,
humanitariannews.org,13,
devdiscourse.com,13,
mix96.co.uk,13,
heraldsun.com.au,13,
nasdaq.com,13,
cgtn.com,13,
railwaysafrica.com,13,
africanews.com,13,
freemalaysiatoday.com,12,
juniorminingnetwork.com,12,
nonpareilonline.com,12,
informador.com.mx,12,
womenofchina.cn,12,
todayonline.com,12,
brics-info.org,12,
newsghana.com.gh,12,
uc.edu,12,
theolympian.com,11,
citizentv.co.ke,11,
greensboro.com,11,
newsdaily.com,11,
msn.com,11,
newsnow.in,11,
english.cri.cn,11,
face2faceafrica.com,11,
statesville.com,11,
nigeriasun.com,11,
wildlifenews.co.uk,11,
newsadvance.com,11,
thestar.com.my,11,
jeuneafrique.com,11,
roanoke.com,11,
eturbonews.com,11,
hickoryrecord.com,11,
straitstimes.com,11,
chron.com,11,
foreignpolicy.com,11,
medafricatimes.com,10,
wpxi.com,10,
sputniknews.com,10,
seattletimes.com,10,
wiscnews.com,10,
bizcommunity.com,10,
startribune.com,10,
newsok.com,10,
mareeg.com,10,
theeastafrican.co.ke,10,
smc.sd,10,
wsbtv.com,10,
portuguese.cri.cn,10,
goldcoastbulletin.com.au,10,
chineseembassy.org,10,
galvnews.com,10,
firstpost.com,10,
satprnews.com,10,
bernama.com,9,
globalsecurity.org,9,
footprint2africa.com,9,
starherald.com,9,
livecharts.co.uk,9,
oleantimesherald.com,9,
zawya.com,9,
habarileo.co.tz,9,
houstonchronicle.com,9,
bonnercountydailybee.com,9,
russian.news.cn,9,
dailytelegraph.com.au,9,
knpr.org,9,
zerohedge.com,9,
thezimbabwemail.com,9,
themercury.com.au,9,
spyghana.com,9,
timesdaily.com,9,
mongabay.com,9,
traderplanet.com,9,
znbc.co.zm,9,
thestandard.co.zw,9,
kenyastar.com,9,
mediamaxnetwork.co.ke,9,
kitco.com,9,
arabic.cri.cn,9,
timesunion.com,9,
bbc.com,9,
townsvillebulletin.com.au,9,
business-standard.com,9,
cctv-africa.com,9,
webfg.com,9,
geelongadvertiser.com.au,9,
kdhnews.com,8,
postbulletin.com,8,
lmtonline.com,8,
daytondailynews.com,8,
morganton.com,8,
wypr.org,8,
elperiodicodearagon.com,8,
dailyprogress.com,8,
livenewscentral.com,8,
csmonitor.com,8,
heraldcourier.com,8,
journalreview.com,8,
news.com.au,8,
cceonlinenews.com,8,
dothaneagle.com,8,
shorelinemedia.net,8,
adnkronos.com,8,
mining-technology.com,8,
canberratimes.com.au,8,
pmnewsnigeria.com,8,
valleymorningstar.com,8,
godanriver.com,8,
pulsoslp.com.mx,8,
newsbug.info,8,
sott.net,8,
stabroeknews.com,8,
sabq.org,8,
argus-press.com,8,
voiceofalexandria.com,8,
scnow.com,8,
brownsvilleherald.com,8,
reliefweb.int,8,
cachevalleydaily.com,8,
theet.com,8,
newshub.org,8,
ajot.com,8,
beloitdailynews.com,8,
dailyamerican.com,8,
zambiareports.com,8,
romandie.com,8,
chinafile.com,8,
theglobeandmail.com,8,
brisbanetimes.com.au,8,
theeagle.com,8,
watoday.com.au,8,
bnnbloomberg.ca,8,
inquisitr.com,8,
standard-journal.com,8,
adelaidenow.com.au,8,
seattlepi.com,7,
miningnews.net,7,
sfchronicle.com,7,
whio.com,7,
africacenter.org,7,
wfmz.com,7,
chinanationalnews.com,7,
sierraleonetimes.com,7,
webindia123.com,7,
sharenet.co.za,7,
cnbcafrica.com,7,
bignewsnetwork.com,7,
fin24.com,7,
krcu.org,7,
myjoyonline.com,7,
cnsnews.com,7,
timesfreepress.com,7,
wlrh.org,7,
peconicpublicbroadcasting.org,7,
sfgate.com,7,
thecable.ng,7,
chronicle.co.zw,7,
wpsu.org,7,
kirotv.com,7,
timeslive.co.za,7,
theprovince.com,7,
alibreville.com,7,
capradio.org,7,
el-balad.com,7,
gpb.org,7,
ktep.org,7,
constructionreviewonline.com,7,
messenger-inquirer.com,7,
hillaac.net,7,
palmbeachpost.com,7,
daily-mail.co.zm,7,
arabic.cntv.cn,7,
southernafrican.news,7,
occrp.org,7,
maritime-executive.com,7,
wsbradio.com,7,
journal-news.com,7,
digitallook.com,7,
wagsworldcup.com,7,
expressnews.com,7,
bismarcktribune.com,6,
africanmining.com,6,
diariodeleon.es,6,
tucson.com,6,
cgiar.org,6,
elperiodicoextremadura.com,6,
worldcrunch.com,6,
thediplomat.com,6,
customstoday.com.pk,6,
sentinelrepublic.com,6,
asiaone.com,6,
thenewstribune.com,6,
slconcordtimes.com,6,
brecorder.com,6,
dw.com,6,
afkinsider.com,6,
terradaily.com,6,
lse.co.uk,6,
beijingbulletin.com,6,
alittihad.ae,6,
datacenterdynamics.com,6,
worldbulletin.net,6,
wn.com,6,
diariocordoba.com,6,
cp24.com,6,
wfae.org,6,
weforum.org,6,
ecofinagency.com,6,
wamu.org,6,
cpifinancial.net,6,
africanbusinessmagazine.com,6,
ukprogressive.co.uk,6,
swissinfo.ch,6,
lidtime.com,6,
newzimbabwe.com,6,
express.co.uk,6,
nytimes.com,6,
daily-sun.com,6,
northcountrypublicradio.org,6,
newsfromafrica.org,6,
lacronicabadajoz.com,6,
wral.com,6,
kclu.org,6,
kansas.com,6,
mysinchew.com,6,
malaysiasun.com,6,
kdrtv.com,6,
equities.com,6,
indiatimes.com,6,
elcorreodeburgos.com,6,
independent.co.uk,6,
nbcnews.com,6,
pulse.ng,6,
thehimalayantimes.com,6,
cairnspost.com.au,6,
ewn.co.za,6,
okezone.com,6,
allghananews.com,6,
kccu.org,6,
ianslive.in,6,
huffingtonpost.com,6,
kwit.org,6,
starafrica.com,6,
beijingreview.com.cn,5,
sky.com,5,
omaha.com,5,
news10.com,5,
businesslive.co.za,5,
jewocity.com,5,
howafrica.com,5,
thenationonlineng.net,5,
en.rfi.fr,5,
debate.com.mx,5,
sowetanlive.co.za,5,
kwqc.com,5,
newtimes.co.rw,5,
igihe.com,5,
slinkingtowardretirement.com,5,
thebftonline.com,5,
faceofmalawi.com,5,
focus.rw,5,
mynorthwest.com,5,
moneyweb.co.za,5,
kansaspublicradio.org,5,
taipeitimes.com,5,
usnews.com,5,
steelguru.com,5,
soutalomma.com,5,
ndtv.com,5,
mytechbits.com,5,
goodplanet.info,5,
thehindu.com,5,
chimpreports.com,5,
gossip-monthly.com,5,
geopolis.francetvinfo.fr,5,
bbc.co.uk,5,
chippewa.com,5,
leaderpost.com,5,
wncn.com,5,
thestandard.com.hk,5,
nehandaradio.com,5,
military-technologies.net,5,
nan.ng,5,
mbendi.com,5,
streetinsider.com,5,
afrique.lepoint.fr,5,
mysanantonio.com,5,
atlantablackstar.com,5,
zpravy.aktualne.cz,5,
leadership.ng,5,
kvlu.org,5,
times.co.zm,5,
zimbabwestar.com,5,
financialpost.com,5,
ntnews.com.au,5,
chinadigitaltimes.net,5,
lancasteronline.com,5,
counton2.com,5,
manilatimes.net,5,
abc.es,4,
newera.com.na,4,
ottawacitizen.com,4,
abc7news.com,4,
africanreview.com,4,
antaranews.com,4,
am.com.mx,4,
publicradioeast.org,4,
klcc.org,4,
dostor.org,4,
fox23.com,4,
interpol.int,4,
perssupport.nl,4,
windsorstar.com,4,
abc7chicago.com,4,
tribunnews.com,4,
thenewslib.com,4,
worldmaritimenews.com,4,
fresnobee.com,4,
txfnews.com,4,
pendletontimespost.com,4,
wcqs.org,4,
korabel.ru,4,
tribune.net.ph,4,
tralac.org,4,
nypost.com,4,
kpbs.org,4,
sdpb.org,4,
philippinetimes.com,4,
shanghaiist.com,4,
newsday.co.zw,4,
freightnet.com,4,
themalaymailonline.com,4,
thewhig.com,4,
demainlenouveaucongobrazzaville.org,4,
china-africa-reporting.co.za,4,
thegardenisland.com,4,
newser.com,4,
thetimes.co.uk,4,
wesm913.org,4,
ecoaustral.com,4,
wlox.com,4,
netnoticias.mx,4,
wjsu.org,4,
kenw.org,4,
fis.com,4,
savonsanomat.fi,4,
larazon.es,4,
elnuevoherald.com,4,
i24news.tv,4,
lanouvellerepublique.fr,4,
wuwm.com,4,
abc13.com,4,
aljazeera.com,4,
wbaa.org,4,
abc30.com,4,
thenewslens.com,4,
goskagit.com,4,
theinternationalreporter.org,4,
almo5tasar.com,4,
redpepper.co.ug,4,
mg.co.za,4,
forcechange.com,4,
sacommercialpropnews.co.za,4,
elperiodico.com,4,
enca.com,4,
onenewspage.com,4,
yakimaherald.com,4,
anbaaonline.com,4,
africalog.com,4,
mondialisation.ca,4,
wvxu.org,4,
weeklytimesnow.com.au,4,
upi.com,4,
sciencerecorder.com,4,
actionnewsjax.com,4,
zamanarabic.com,4,
shanghaisun.com,4,
africatimes.com,4,
almrsd.co,4,
thejakartapost.com,4,
etvradio.org,4,
kawc.org,4,
keranews.org,4,
saultstar.com,4,
dispatchlive.co.za,4,
netnebraska.org,4,
peoriapublicradio.org,4,
phys.org,4,
vancouversun.com,4,
kgou.org,4,
forexreportdaily.com,4,
bostonherald.com,4,
bangladeshsun.com,4,
perfil.com,4,
citizen.co.za,4,
greenarea.me,4,
thedailycoin.org,4,
ledger-enquirer.com,4,
maritimeherald.com,4,
oilbarrel.com,4,
heraldglobe.com,4,
el-carabobeno.com,4,
africa-newsroom.com,4,
revistapuntodevista.com.mx,4,
farmlandgrab.org,4,
sipse.com,4,
capeandislands.org,4,
moultonadvertiser.com,4,
wprl.org,4,
ksby.com,4,
chinaplus.cri.cn,4,
owensoundsuntimes.com,4,
isurfpaducah.com,4,
wuwf.org,4,
journalgazette.net,4,
wamc.org,4,
cnbcarabia.com,4,
cctv.com,4,
portugalglobal.pt,4,
railpage.com.au,4,
opb.org,4,
koreatimes.co.kr,4,
krwg.org,4,
onlinenigeria.com,4,
iranherald.com,4,
thenational.ae,4,
financialwatchngr.com,4,
newsbreakonline.com,4,
abc7ny.com,4,
voaswahili.com,4,
foxnews.com,4,
abc11.com,4,
americanshipper.com,4,
macauhub.com.mo,4,
wcbe.org,4,
oneindia.com,4,
wshu.org,4,
yourindustrynews.com,4,
fox34.com,4,
nordeclair.fr,4,
mtanzania.co.tz,4,
edsonleader.com,3,
newindianexpress.com,3,
wfdd.org,3,
wfuv.org,3,
universityworldnews.com,3,
marinelink.com,3,
huda-news.com,3,
fortsaskatchewanrecord.com,3,
punchng.com,3,
goderichsignalstar.com,3,
pembroke-today.co.uk,3,
yibada.com,3,
wabe.org,3,
hannaherald.com,3,
sprucegroveexaminer.com,3,
metrotvnews.com,3,
viralfeels.com,3,
liberoquotidiano.it,3,
lakeshoreadvance.com,3,
edmontonexaminer.com,3,
sunnewsonline.com,3,
cau.edu.cn,3,
redriverradio.org,3,
kimberleybulletin.com,3,
theworldlink.com,3,
capecodtoday.com,3,
wcfcourier.com,3,
news957.com,3,
latestnewslink.com,3,
kincardinenews.com,3,
tvnewsroom.org,3,
pakobserver.net,3,
publicradiotulsa.org,3,
icsf.net,3,
dailysabah.com,3,
panorama.com.ve,3,
wmra.org,3,
iowapublicradio.org,3,
hiindialive.com,3,
armenpress.am,3,
vulcanadvocate.com,3,
stratfordbeaconherald.com,3,
570news.com,3,
herald.ng,3,
tillsonburgnews.com,3,
dailytrust.com.ng,3,
thisdaylive.com,3,
cemnet.com,3,
nsnbc.me,3,
brantfordexpositor.ca,3,
acento.com.do,3,
gulfnews.com,3,
bloombergquint.com,3,
timminspress.com,3,
nipawinjournal.com,3,
news-sentinel.com,3,
or-politics.com,3,
fox13memphis.com,3,
timminstimes.com,3,
liberation.fr,3,
newvision.co.ug,3,
sherwoodparknews.com,3,
france24.com,3,
afriqueredaction.com,3,
q13fox.com,3,
thehill.com,3,
kiro7.com,3,
sonin.mn,3,
wknofm.org,3,
cochranetimespost.ca,3,
samigration.com,3,
gnnliberia.com,3,
routesonline.com,3,
lepoint.fr,3,
thelondoner.ca,3,
kanw.com,3,
mitchelladvocate.com,3,
thechronicle-online.com,3,
hemeltoday.co.uk,3,
vanguardngr.com,3,
countyweeklynews.ca,3,
delhinewsrecord.com,3,
time.com,3,
andhrabhoomi.net,3,
webcertain.com,3,
zegabi.com,3,
woodstocksentinelreview.com,3,
kingstonthisweek.com,3,
cnbc.com,3,
northernnews.ca,3,
stthomastimesjournal.com,3,
trentonian.ca,3,
narberth-and-whitland-today.co.uk,3,
mauritaniavox.com,3,
mining-journal.com,3,
recorder.ca,3,
nugget.ca,3,
newkerala.com,3,
townhall.com,3,
newstoday.com.bd,3,
standard-freeholder.com,3,
dailyheraldtribune.com,3,
chathamthisweek.com,3,
wutc.org,3,
tass.ru,3,
npr.org,3,
communitypress.ca,3,
tenby-today.co.uk,3,
ksmu.org,3,
durangoherald.com,3,
devondispatch.ca,3,
wjtv.com,3,
680news.com,3,
montrealgazette.com,3,
voacambodia.com,3,
thepost.on.ca,3,
dailystar.co.uk,3,
directorstalkinterviews.com,3,
shanghainews.net,3,
wesa.fm,3,
wetaskiwintimes.com,3,
fairviewpost.com,3,
wacotrib.com,3,
theasian.asia,3,
sinembargo.mx,3,
chathamdailynews.ca,3,
gananoquereporter.com,3,
nepr.net,3,
hintonparklander.com,3,
simcoereformer.ca,3,
malawi24.com,3,
thesudburystar.com,3,
lacrossetribune.com,3,
miamiherald.com,3,
go.com,3,
whitecourtstar.com,3,
strathroyagedispatch.com,3,
raillynews.com,3,
wiartonecho.com,3,
midnorthmonitor.com,3,
melfortjournal.com,3,
en.trend.az,3,
mayerthorpefreelancer.com,3,
afriqueexpansion.com,3,
terra.com.pe,3,
elliotlakestandard.ca,3,
onaeg.com,3,
prokerala.com,3,
parisstaronline.com,3,
theconversation.com,3,
clintonnewsrecord.com,3,
kasu.org,3,
wfsu.org,3,
thecragandcanyon.ca,3,
aero-news.net,3,
dailymailnews.com,3,
stardailystandard.com,3,
africa-ontherise.com,3,
tuko.co.ke,3,
news24.com.ng,3,
diggers.news,3,
kios.org,3,
ketr.org,3,
northernpublicradio.org,3,
thestreet.com,3,
leducrep.com,3,
railjournal.com,3,
draytonvalleywesternreview.com,3,
hydrocarbons-technology.com,3,
spokanepublicradio.org,3,
coldlakesun.com,3,
biztechafrica.com,3,
kenoradailyminerandnews.com,3,
saultthisweek.com,3,
qctimes.com,3,
wnmufm.org,3,
pmhelpline.com,3,
digitaljournal.com,3,
netindia123.com,3,
1310news.com,3,
nation.com.pk,3,
lacombeglobe.com,3,
medias24.com,3,
namibian.com.na,3,
tvcnews.tv,3,
panda.org,3,
entornointeligente.com,3,
newsmakers.pk,3,
africanexaminer.com,3,
kazu.org,3,
rtl.be,3,
ideastream.org,3,
rough-polished.com,3,
hongkongfp.com,3,
sciencesetavenir.fr,3,
sarniathisweek.com,3,
fortmcmurraytoday.com,3,
upr.org,3,
wyomingpublicmedia.org,3,
highrivertimes.com,3,
kansascity.com,3,
thenews.com.pk,3,
terra.com,3,
pinchercreekecho.com,3,
goingconcern.com,3,
cochranetimes.com,3,
latimes.com,3,
maurice-info.mu,3,
theobserver.ca,3,
prrecordgazette.com,3,
terra.com.ar,3,
jamestown.org,3,
theguardian.com,3,
hongkongherald.com,3,
intelligencer.ca,3,
kepa.fi,3,
thepeninsulaqatar.com,3,
kacu.org,3,
rapidcityjournal.com,3,
vermilionstandard.com,3,
kuer.org,3,
kwbu.org,3,
elbalad.news,3,
northislandgazette.com,3,
cameroon-concord.com,3,
bt.com.bn,3,
eurasiareview.com,3,
nantonnews.com,3,
kucb.org,3,
rnanews.com,3,
lfpress.com,3,
zimbabwesituation.com,3,
stratfor.com,3,
mirror.co.uk,3,
starbeaconherald.com,3,
terra.com.co,3,
lepetitjournal.com,2,
lyonne.fr,2,
winknews.com,2,
libe.ma,2,
hn.se,2,
agreenliving.org,2,
nanduti.com.py,2,
gn-online.de,2,
bdtonline.com,2,
blackseagrain.net,2,
todayszaman.com,2,
gaynews.it,2,
missioncityrecord.com,2,
muscatinejournal.com,2,
internazionale.it,2,
thehansindia.com,2,
missoulian.com,2,
pr-inside.com,2,
out-law.com,2,
businessdayonline.com,2,
avvenire.it,2,
newspressnow.com,2,
sandiegouniontribune.com,2,
thedailystar.net,2,
gearsofbiz.com,2,
wunc.org,2,
spiegel.de,2,
sudanvisiondaily.com,2,
thenerveafrica.com,2,
destinasian.com,2,
axisoflogic.com,2,
regnum.ru,2,
lacote.ch,2,
wglt.org,2,
thefrontierpost.com,2,
24matins.fr,2,
malaysiandigest.com,2,
lorientlejour.com,2,
logupdateafrica.com,2,
vetogate.com,2,
kavkaz-uzel.ru,2,
nordlittoral.fr,2,
journalducameroun.com,2,
environmentguru.com,2,
lanouvellegazette.be,2,
m.terra.es,2,
gazettetimes.com,2,
agsiw.org,2,
ens-newswire.com,2,
dailypost.in,2,
ifreepress.com,2,
ktvq.com,2,
osnnews.com,2,
camer.be,2,
theintermountain.com,2,
cloverdalereporter.com,2,
deentv.co.za,2,
seekingalpha.com,2,
timesleaderonline.com,2,
medium.com,2,
beaumontenterprise.com,2,
dunyabulteni.net,2,
kpax.com,2,
kkuriren.se,2,
kdwn.com,2,
southcarolinapublicradio.org,2,
wvnews.com,2,
essexlive.news,2,
scpr.org,2,
echo.net.au,2,
9news.com.au,2,
newstatesman.com,2,
cherokeetribune.com,2,
investegate.co.uk,2,
wsj.com,2,
eurasia-rivista.org,2,
mdjonline.com,2,
kassioun.org,2,
magazine.good.is,2,
cameroononline.org,2,
saukvalley.com,2,
singaporestar.com,2,
al-fadjr.com,2,
ibtimes.com,2,
nyasatimes.com,2,
africanarguments.org,2,
my40.tv,2,
newsdzezimbabwe.co.uk,2,
kcbx.org,2,
ugandaradionetwork.com,2,
rigzone.com,2,
portalangop.co.ao,2,
arcinfo.ch,2,
siouxcityjournal.com,2,
japantimes.co.jp,2,
naharnet.com,2,
philstar.com,2,
ozarksfirst.com,2,
chinachristiandaily.com,2,
afrigatenews.net,2,
saudigazette.com.sa,2,
stockhouse.com,2,
gabonactu.com,2,
newsmax.com,2,
famagusta-gazette.com,2,
smp.se,2,
straightlinelogic.com,2,
tolerance.ca,2,
zambianwatchdog.com,2,
aspistrategist.org.au,2,
lnt.ma,2,
therakyatpost.com,2,
mtstandard.com,2,
blt.se,2,
prnewswire.com,2,
africaintelligence.com,2,
lindro.it,2,
quickworldnews.com,2,
smallcaps.com.au,2,
maxisciences.com,2,
pressherald.com,2,
prensa.com,2,
thecourier.com,2,
tri-cityherald.com,2,
t-online.de,2,
dailycamera.com,2,
trademarkea.com,2,
nzherald.co.nz,2,
reflector.com,2,
mangalorean.com,2,
airport-technology.com,2,
sydostran.se,2,
themunicheye.com,2,
cfr.org,2,
agenceecofin.com,2,
kidneyfailureweb.com,2,
thesaker.is,2,
thenewage.co.za,2,
ctpost.com,2,
myfoxal.com,2,
britannica.com,2,
thenews-chronicle.com,2,
boursorama.com,2,
irishmirror.ie,2,
mychamplainvalley.com,2,
ladysmithchronicle.com,2,
thewire.in,2,
ecodiario.eleconomista.es,2,
altroquotidiano.it,2,
miningjournal.net,2,
sundiatapost.com,2,
espanol.cntv.cn,2,
oann.com,2,
freightweek.org,2,
m.terra.cl,2,
bdnews24.com,2,
manicapost.com,2,
fredericksburg.com,2,
antiguaobserver.com,2,
money.bg,2,
elmundo.com.sv,2,
tribuneindia.com,2,
hnonline.sk,2,
rtfitchauthor.com,2,
asahi.com,2,
thetandd.com,2,
thewest.com.au,2,
blacklistednews.com,2,
freerepublic.com,2,
barringtonreview.com,2,
indianexpress.com,2,
direct.news,2,
abnnewswire.net,2,
businesstech.co.za,2,
asianage.com,2,
swfinstitute.org,2,
masterherald.com,2,
diariodenavarra.es,2,
workboatsinternational.com,2,
adiac-congo.com,2,
wvik.org,2,
magazin.ceskenoviny.cz,2,
capitalfm.co.ke,2,
newshub.co.nz,2,
newstimes.com,2,
wemu.org,2,
franceguyane.fr,2,
econotimes.com,2,
caledoniacourier.com,2,
prensa-latina.cu,2,
bellanaija.com,2,
lenouvelliste.ch,2,
bpr.org,2,
hopestandard.com,2,
mapleridgenews.com,2,
ostrasmaland.se,2,
kbs.co.kr,2,
downtoearth.org.in,2,
planoinformativo.com,2,
euractiv.com,2,
publishingperspectives.com,2,
boursier.com,2,
mining.com,2,
channel4000.com,2,
prairiepublic.org,2,
standard.co.uk,2,
jonathanturley.org,2,
australiannews.net,2,
stltoday.com,2,
agassizharrisonobserver.com,2,
nepalitimes.com,2,
ictsd.org,2,
ekantipur.com,2,
heraldscotland.com,2,
arabnews.com,2,
islandpostgazette.com,2,
sciencealert.com,2,
dailyherald.com,2,
indiatvnews.com,2,
malaysia-chronicle.com,2,
billingsgazette.com,2,
eurekalert.org,2,
gbcghana.com,2,
nordeclair.be,2,
examiner.com,2,
hyperallergic.com,2,
pqbnews.com,2,
n-tv.de,2,
thepatriot.co.bw,2,
itv.com,2,
cyprus-mail.com,2,
courrier-picard.fr,2,
eldinamo.cl,2,
prpeak.com,2,
telegeography.com,2,
sglinks.com,2,
challenges.fr,2,
westfieldtimes.com,2,
clearwatertimes.com,2,
alufuqnews.com,2,
airliners.net,2,
hutchnews.com,2,
20minutes.fr,2,
thisislocallondon.co.uk,2,
slate.fr,2,
wxxinews.org,2,
yourlocalguardian.co.uk,2,
edmontonjournal.com,2,
greenwichtime.com,2,
citymetric.com,2,
newsandsentinel.com,2,
cctv-america.com,2,
kuaf.com,2,
thedodo.com,2,
worldoil.com,2,
businessnews.com.au,2,
usatoday.com,2,
elespectador.com,2,
lawyerherald.com,2,
hngn.com,2,
moderndiplomacy.eu,2,
cranbrooktownsman.com,2,
elhadas-news.com,2,
in-cyprus.com,2,
wtvr.com,2,
aib.bf,2,
regionweek.com,2,
texarkanagazette.com,2,
scroll.in,2,
pambazuka.org,2,
langleyadvance.com,2,
fremonttribune.com,2,
thefreepress.ca,2,
europapress.es,2,
agenciasinc.es,2,
wbt.com,2,
kzyx.org,2,
fibre2fashion.com,2,
princegeorgecitizen.com,2,
financialgazette.co.zw,2,
newsradioklbj.com,2,
venturesafrica.com,2,
pantagraph.com,2,
livemint.com,2,
thestatesman.com,2,
kunc.org,2,
sn.se,2,
aajkikhabar.com,2,
corriere.it,2,
epochtimes.de,2,
columbustelegram.com,2,
delfi.lt,2,
gantdaily.com,2,
atimes.com,2,
greenfieldreporter.com,2,
newshour.com.bd,2,
financialexpress.com,2,
igberetvnews.com,2,
nouvelobs.com,2,
ad-hoc-news.de,2,
nile.eg,2,
ekuriren.se,2,
benzinga.com,2,
forbes.com,2,
sookenewsmirror.com,2,
thevillagessuntimes.com,2,
ctvnews.ca,2,
dailyjournal.net,2,
zonebourse.com,2,
sapeople.com,2,
aimdigital.com.ar,2,
wsws.org,2,
elpais.cr,2,
larep.fr,2,
ripr.org,2,
lavoixdunord.fr,2,
weaa.org,2,
news24.co.ke,2,
celebcafe.org,2,
journaldemontreal.com,2,
wvasfm.org,2,
hrw.org,2,
bt.se,2,
ystadsallehanda.se,2,
ansa.it,2,
startuptipsdaily.com,2,
misna.org,2,
helenair.com,2,
napavalleyregister.com,2,
publico.es,2,
richmondandtwickenhamtimes.co.uk,2,
suffragio.org,2,
cameroon-tribune.cm,2,
hospitalitynet.org,1,
melitanewera.ca,1,
scienze.fanpage.it,1,
thebricspost.com,1,
nwahomepage.com,1,
b985.com,1,
hometownstations.com,1,
kbzk.com,1,
ambienteja.info,1,
channel3000.com,1,
upstreamonline.com,1,
desdemonadespair.net,1,
holidogtimes.com,1,
tradingsat.com,1,
irakna.com,1,
welingelichtekringen.nl,1,
ventureburn.com,1,
wearegreenbay.com,1,
wmal.com,1,
lethbridgeherald.com,1,
wgmd.com,1,
iafrica.com,1,
weku.fm,1,
elfagr.com,1,
kvnf.org,1,
wardheernews.com,1,
newsalyoum.com,1,
sundaystandard.info,1,
shephardmedia.com,1,
montsame.mn,1,
newwestrecord.ca,1,
eluniversal.com.mx,1,
ydr.com,1,
kaj18.com,1,
ecoticias.com,1,
newschannel5.com,1,
kxan.com,1,
macon.com,1,
energy-pedia.com,1,
theoutlook.ca,1,
hd.se,1,
notiziegeopolitiche.net,1,
comments.ua,1,
dothanfirst.com,1,
wbal.com,1,
apr.org,1,
click2houston.com,1,
yemenakhbar.com,1,
bgdailynews.com,1,
agenpress.it,1,
newschannel6now.com,1,
nagariknetwork.com,1,
yorktonthisweek.com,1,
ladepeche.fr,1,
wgno.com,1,
vancourier.com,1,
7thspace.com,1,
emol.com,1,
leparisien.fr,1,
malaymail.com,1,
ici.radio-canada.ca,1,
delorainetimes.ca,1,
developingtelecoms.com,1,
chinatopix.com,1,
pulse.com.gh,1,
zululandobserver.co.za,1,
kahawatungu.com,1,
gooverseas.com,1,
thebeijinger.com,1,
thehour.com,1,
news24xx.com,1,
mid-day.com,1,
arib.info,1,
topix.com,1,
protothema.gr,1,
ghanamma.com,1,
thesun.co.uk,1,
wsiu.org,1,
shorouknews.com,1,
elmethaq.net,1,
care2.com,1,
pressreleasepoint.com,1,
sundaynews.co.zw,1,
klfy.com,1,
freep.com,1,
timescolonist.com,1,
theboneonline.com,1,
hanfordsentinel.com,1,
t-l.ru,1,
leberry.fr,1,
whdh.com,1,
noticias.terra.cl,1,
kfdm.com,1,
wildaid.org,1,
lompocrecord.com,1,
njherald.com,1,
economywatch.com,1,
newsmaker.com.au,1,
kwwl.com,1,
tvanouvelles.ca,1,
kamsacktimes.com,1,
lemaghrebdz.com,1,
independent.ie,1,
ktvl.com,1,
sem40.co.il,1,
almasryalyoum.com,1,
cbs12.com,1,
tricitynews.com,1,
dhnet.be,1,
metal.com,1,
thebrunswicknews.com,1,
itwebafrica.com,1,
list-online.com,1,
gaynz.com,1,
laprospettivadelfunambolo.com,1,
inquirer.net,1,
rtbf.be,1,
businesstoday.in,1,
torontotelegraph.com,1,
mystateline.com,1,
chinapost.com.tw,1,
nsnews.com,1,
fox40.com,1,
algoafm.co.za,1,
neworleanssun.com,1,
localnews8.com,1,
krcrtv.com,1,
wuis.org,1,
oilandgas360.com,1,
santamariatimes.com,1,
restonrecorder.ca,1,
fox10phoenix.com,1,
al-watan.com,1,
solothurnerzeitung.ch,1,
mix965tulsa.com,1,
emaratalyoum.com,1,
ourmidland.com,1,
alwasat.ly,1,
apanews.net,1,
leadercall.com,1,
caledonianrecord.com,1,
stamfordadvocate.com,1,
yourerie.com,1,
lest-eclair.fr,1,
maravipost.com,1,
issafrica.org,1,
siouxlandmatters.com,1,
ugandandiasporanews.com,1,
10tv.com,1,
portaldogoverno.gov.mz,1,
lowvelder.co.za,1,
timesofisrael.com,1,
pewglobal.org,1,
ziarelive.ro,1,
hotelmanagement.net,1,
thenorthlines.com,1,
italian.cri.cn,1,
worldagroforestry.org,1,
dispatchtimes.com,1,
realcleardefense.com,1,
udakuspecially.com,1,
9and10news.com,1,
chieftain.com,1,
record-eagle.com,1,
tristatehomepage.com,1,
afropages.fr,1,
montraykreyol.org,1,
seatingchair.com,1,
humboldtjournal.ca,1,
westfalen-blatt.de,1,
tvblog.it,1,
unesco.org,1,
easttexasmatters.com,1,
wrbl.com,1,
wboc.com,1,
laopinion.com,1,
nationalgeographic.com,1,
nwpr.org,1,
jazzpolice.com,1,
lanacion.com.ar,1,
westernslopenow.com,1,
sevendaysvt.com,1,
dailyastorian.com,1,
kunm.org,1,
abc.net.au,1,
inform.kz,1,
rosbalt.ru,1,
acotonou.com,1,
wyso.org,1,
nwitimes.com,1,
burnabynow.com,1,
economylead.com,1,
saiia.org.za,1,
readingeagle.com,1,
kp.ru,1,
ifex.org,1,
myarklamiss.com,1,
india.com,1,
myfoxorlando.com,1,
lowyinstitute.org,1,
stuff.co.nz,1,
latribune.fr,1,
pressexaminer.com,1,
grenchnertagblatt.ch,1,
caffeinamagazine.it,1,
strategic-culture.org,1,
twasul.info,1,
hs.fi,1,
wric.com,1,
denik.cz,1,
conchovalleyhomepage.com,1,
ig.com.br,1,
kten.com,1,
nigerianpilot.com,1,
therepublic.com,1,
iwacu-burundi.org,1,
refdag.nl,1,
newschannel20.com,1,
preecevilleprogress.com,1,
wvgazettemail.com,1,
delmarvapublicradio.net,1,
mytwintiers.com,1,
lusakatimes.com,1,
verkkouutiset.fi,1,
sootoday.com,1,
courrierdelouest.fr,1,
mrt.com,1,
jg-tc.com,1,
abril.com.br,1,
pmldaily.com,1,
boisestatepublicradio.org,1,
jordanzad.com,1,
eglobaltravelmedia.com.au,1,
skivefolkeblad.dk,1,
12newsnow.com,1,
theintelligencer.net,1,
wnct.com,1,
jtimes.ru,1,
sylhettimes.com,1,
wvpublic.org,1,
techmoran.com,1,
informnny.com,1,
tacstrat.com,1,
everythinglubbock.com,1,
elkodaily.com,1,
cedarnews.net,1,
namibiansun.com,1,
mx.dk,1,
keyt.com,1,
adakar.com,1,
ecoportal.net,1,
lexpress.mu,1,
lefigaro.fr,1,
lemainelibre.fr,1,
bozemandailychronicle.com,1,
cnyhomepage.com,1,
fox17online.com,1,
elpasoinc.com,1,
resourceinvestingnews.com,1,
nysepost.com,1,
kcur.org,1,
bigcountryhomepage.com,1,
kxxv.com,1,
globedia.com,1,
decaturdaily.com,1,
fairfieldcitizenonline.com,1,
ijpr.org,1,
wnpr.org,1,
wbay.com,1,
19rus.info,1,
ktvz.com,1,
tdn.com,1,
frozenmail.net,1,
wxpr.org,1,
lequotidien.sn,1,
incentivetravel.co.uk,1,
journalpioneer.com,1,
capital.fr,1,
gdp.ch,1,
porttechnology.org,1,
brproud.com,1,
thompsoncitizen.net,1,
borgenproject.org,1,
theblaze.com,1,
lopinion.ma,1,
wired.co.uk,1,
traveldailynews.com,1,
unionesarda.it,1,
fyens.dk,1,
trinidadtimes.com,1,
africabusiness.com,1,
wwno.org,1,
cinemablaze.com,1,
indiagazette.com,1,
jurnalul.antena3.ro,1,
yle.fi,1,
manshetnews.com,1,
azomining.com,1,
thedailybeast.com,1,
dailypnut.com,1,
elshinta.com,1,
cornell.edu,1,
nikkei.com,1,
lebanon-express.com,1,
dawsoncreekmirror.ca,1,
tjcnewspaper.com,1,
sabcnews.com,1,
atwonline.com,1,
blitzquotidiano.it,1,
canindia.com,1,
wnku.org,1,
channelstv.com,1,
thedailystar.com,1,
iraqsun.com,1,
abruzzo.tv,1,
canada.com,1,
sindonews.com,1,
starrfmonline.com,1,
local10.com,1,
myrecordjournal.com,1,
freenewspos.com,1,
journaldumali.com,1,
oilinuganda.org,1,
ktla.com,1,
ziar.com,1,
olemiss.edu,1,
freepressjournal.in,1,
britainnews.net,1,
bangkokpost.com,1,
freebeacon.com,1,
mediafiledc.com,1,
carlyleobserver.com,1,
polity.org.za,1,
karamapress.com,1,
hawaiitribune-herald.com,1,
asiatraveltips.com,1,
newsmaritime.com,1,
aftonbladet.se,1,
sbs.com.au,1,
africabusinesscommunities.com,1,
radioaustralia.net.au,1,
ndjamena-matin.com,1,
kion546.com,1,
nripress.com,1,
nltimes.nl,1,
elpasoproud.com,1,
reviewonline.com,1,
statejournal.com,1,
azdailysun.com,1,
heraldextra.com,1,
kalw.org,1,
berkshireeagle.com,1,
cuartopoder.mx,1,
haarlemsdagblad.nl,1,
cpianalysis.org,1,
register-herald.com,1,
iusbpreface.com,1,
observer.ug,1,
tfd.com,1,
abs-cbn.com,1,
livescience.com,1,
thenewsnigeria.com.ng,1,
ren.tv,1,
fox61.com,1,
charter97.org,1,
elcorreo.com,1,
sbnation.com,1,
westmanjournal.com,1,
egyptlocalnews.com,1,
hamrinnews.net,1,
tmcnet.com,1,
lakeplacidnews.com,1,
salina.com,1,
wwlp.com,1,
waer.org,1,
delta-optimist.com,1,
mromagazine.com,1,
clickondetroit.com,1,
news4jax.com,1,
sej.org,1,
urdupoint.com,1,
khaberni.com,1,
beatricedailysun.com,1,
thesunchronicle.com,1,
ghanastar.com,1,
innercitypress.com,1,
trend.az,1,
kimt.com,1,
pilotonline.com,1,
sourisplaindealer.ca,1,
blueridgenow.com,1,
magic1021.com,1,
financninoviny.cz,1,
times.co.sz,1,
wkzo.com,1,
lamontagne.fr,1,
sofokleousin.gr,1,
profitconfidential.com,1,
yenisafak.com,1,
newsobserver.com,1,
thereminder.ca,1,
rgvproud.com,1,
krdo.com,1,
mjournalsl.org,1,
koreatimes.com,1,
stcatharinesstandard.ca,1,
mnn.com,1,
naturlink.sapo.pt,1,
world-grain.com,1,
kttc.com,1,
pravda.ru,1,
nbcmontana.com,1,
news.rufox.ru,1,
mundinews.com,1,
obozrevatel.com,1,
mininggazette.com,1,
whqr.org,1,
sustainablebusiness.com,1,
nebraska.tv,1,
themalaysianinsider.com,1,
centralillinoisproud.com,1,
surinametimes.com,1,
dailymaverick.co.za,1,
raya.ps,1,
zpravy.e15.cz,1,
newsfultoncounty.com,1,
alternatives-economiques.fr,1,
krmg.com,1,
agenceafrique.com,1,
hits973.com,1,
winonadailynews.com,1,
businessghana.com,1,
wmky.org,1,
laverdadnoticias.com,1,
djournal.com,1,
origin-businesstoday.intoday.in,1,
cbs2iowa.com,1,
myfoxtampabay.com,1,
wjactv.com,1,
zimeye.net,1,
algareda.com,1,
elpueblodeceuta.es,1,
prnewswire.co.uk,1,
franceinfo.fr,1,
deseretnews.com,1,
porsche.com,1,
financialafrik.com,1,
news.day.az,1,
rt.com,1,
avaz.ba,1,
addisfortune.net,1,
mediaindonesia.com,1,
diariovasco.com,1,
bwabtk.com,1,
terra.com.mx,1,
nydailynews.com,1,
german.cri.cn,1,
ejinsight.com,1,
graphic.com.gh,1,
fr.cntv.cn,1,
bostonglobe.com,1,
springfieldnewssun.com,1,
localsyr.com,1,
ijmuidercourant.nl,1,
caracol.com.co,1,
eleconomista.es,1,
wokv.com,1,
africa.com,1,
brudirect.com,1,
alaskahighwaynews.ca,1,
infotel.ca,1,
sunatimes.com,1,
newsoptimist.ca,1,
brandonsun.com,1,
austinglobe.com,1,
rte.ie,1,
izf.net,1,
kdal610.com,1,
russiaherald.com,1,
cw39.com,1,
wkbw.com,1,
seatrade-global.com,1,
tv2oj.dk,1,
aurorasentinel.com,1,
vnews.com,1,
billsinsider.com,1,
mypanhandle.com,1,
nd.nl,1,
jsonline.com,1,
journalstar.com,1,
kyma.com,1,
democracyjournal.org,1,
noordhollandsdagblad.nl,1,
stv.tv,1,
addistar.com,1,
warritatafo.com,1,
novinky.cz,1,
fauquier.com,1,
morningstar.co.uk,1,
israelherald.com,1,
piratefm.co.uk,1,
interlochenpublicradio.org,1,
aspenpublicradio.org,1,
chicagotribune.com,1,
wltz.com,1,
newyorkstatesman.com,1,
calgaryherald.com,1,
lepopulaire.fr,1,
wrkf.org,1,
wncw.org,1,
vantageasia.com,1,
nwaonline.com,1,
coastreporter.net,1,
lexpansion.lexpress.fr,1,
globalanimal.org,1,
24horas.cl,1,
tpr.org,1,
asiatimes.com,1,
eveningsun.com,1,
nationalpost.com,1,
republica.com,1,
mycentx.com,1,
eremnews.com,1,
seatrade-maritime.com,1,
wtvbam.com,1,
aoh.dk,1,
fox8.com,1,
ccfgroup.com,1,
bizwatchnigeria.ng,1,
leidschdagblad.nl,1,
publicopiniononline.com,1,
chroniclejournal.com,1,
globalnews.ca,1,
maghrebemergent.info,1,
wkar.org,1,
rochesterfirst.com,1,
radiortm.it,1,
mpbn.net,1,
theartnewspaper.com,1,
massachusettssun.com,1,
bemidjipioneer.com,1,
bradfordera.com,1,
the-messenger.com,1,
davisenterprise.com,1,
ru.tsn.ua,1,
thefinancialexpress.com.bd,1,
acrofan.com,1,
squamishchief.com,1,
learningandfinance.com,1,
burlingtonfreepress.com,1,
yourbasin.com,1,
wkyufm.org,1,
sydsvenskan.se,1,
oltnertagblatt.ch,1,
kamloopsmatters.com,1,
tayyar.org,1,
lemonde.fr,1,
jo24.net,1,
francesoir.fr,1,
bowenislandundercurrent.com,1,
republika.co.id,1,
ktnv.com,1,
myfox8.com,1,
coventrytelegraph.net,1,
wgem.com,1,
estevanmercury.ca,1,
kxlf.com,1,
idrw.org,1,
myndnow.com,1,
ktul.com,1,
kiiitv.com,1,
tribtown.com,1,
journaldutchad.com,1,
sueddeutsche.de,1,
globo.com,1,
peacefmonline.com,1,
dr.dk,1,
delawarepublic.org,1,
elmonzar.net,1,
air-journal.fr,1,
michigansthumb.com,1,
stjoechannel.com,1,
easybourse.com,1,
mexicostar.com,1,
krcb.org,1,
ifeng.com,1,
aussieontheroad.com,1,
echo-news.co.uk,1,
morebranches.com,1,
starnewsonline.com,1,
epmag.com,1,
moneycontrol.com,1,
wuky.org,1,
hurriyetdailynews.com,1,
tv360nigeria.com,1,
managementtoday.co.uk,1,
gooieneemlander.nl,1,
tyden.cz,1,
northkoreatimes.com,1,
3ajlnews.com,1,
albayan.ae,1,
entrelineas.com.mx,1,
democratherald.com,1,
europesworld.org,1,
belljarnews.com,1,
wsau.com,1,
armyrecognition.com,1,
kfoxtv.com,1,
kuow.org,1,
jagran.com,1,
visir.is,1,
richmond-news.com,1,
leaderherald.com,1,
actuniger.com,1,
eltiempo.com,1,
miningne.ws,1,
24-horas.mx,1,
24heures.ch,1,
crn.com,1,
salon.com,1,
sanantoniopost.com,1,
journaldebrazza.com,1,
alfa.lt,1,
ghanabusinessnews.com,1,
californiademocrat.com,1,
penbaypilot.com,1,
eurocapital.gr,1,
nynow.org,1,
ibtimes.co.uk,1,
mja.dk,1,
wqcs.org,1,
fourstateshomepage.com,1,
fox6now.com,1,
fergananews.com,1,
shine.cn,1,
brazilsun.com,1,
noticias.terra.es,1,
tibet.fr,1,
lapresse.ca,1,
carbonated.tv,1,
zimbabwe-today.com,1,
mymagic949.com,1,
nazret.com,1,
ocregister.com,1,
africaag.org,1,
nwherald.com,1,
bornholmstidende.dk,1,
nairobiwire.com,1,
ourquadcities.com,1,
svodka.net,1,
ktbs.com,1,
4hoteliers.com,1,
russian.cri.cn,1,
wclk.com,1,
liputan6.com,1,
howng.com,1,
empireadvance.ca,1,
wallaceburgcourierpress.com,1,
dailyadvance.com,1,
myfoxphilly.com,1,
information.dk,1,
esi-africa.com,1,
prealpina.it,1,
pnp.ru,1,
ualrpublicradio.org,1,
wboi.org,1,
whnt.com,1,
fortunascorner.com,1,
kansanuutiset.fi,1,
news965.com,1,
fox28iowa.com,1,
gazeta.ru,1,
irasciblemusings.com,1,
wgntv.com,1,
artnet.com,1,
wordpress.com,1,
american.edu,1,
thenewsminute.com,1,
heart.co.uk,1,
greaterkashmir.com,1,
ethiomedia.com,1,
presseocean.fr,1,
wdiy.org,1,
