Source Name,Mention Count,,
bulawayo24.com,2113,,
allafrica.com,1499,,
herald.co.zw,1265,,
thezimbabwemail.com,923,,
thezimbabwedaily.com,913,,
xinhuanet.com,843,,
chronicle.co.zw,614,,
zimbabwesituation.com,497,,Greater London https://www.zoominfo.com/c/zimbabwe-situation/350908038
china.org.cn,454,,
chinadaily.com.cn,437,,
newsday.co.zw,369,,
nehandaradio.com,299,,
theindependent.co.zw,292,,
dailynews.co.zw,285,,
sundaymail.co.zw,273,,
newsdzezimbabwe.co.uk,267,,
onlinenigeria.com,248,,
yahoo.com,246,,
newzimbabwe.com,241,,
zimeye.net,238,,
reuters.com,234,,
zbc.co.zw,233,,
africajournalismtheworld.com,230,,
ecns.cn,186,,
zimbabwestar.com,179,,
iol.co.za,158,,
msn.com,155,,
thezimbabwean.co,146,,
financialgazette.co.zw,145,,
news24.com,144,,
zimdaily.com,143,,
thezimbabwenewslive.com,141,,
globaltimes.cn,133,,
coastweek.com,132,,
blogspot.com,129,,
thestandard.co.zw,129,,
times.co.zm,122,,
insiderzim.com,120,,
sina.com,118,,
en.people.cn,117,,
myzimbabwe.co.zw,114,,
english.cntv.cn,111,,
en.ce.cn,106,,
sundaynews.co.zw,97,,
zimbabwe-today.com,93,,
BBC Monitoring,80,,
voazimbabwe.com,80,,
ameripublications.com,74,,
dailymail.co.uk,74,,
peopledaily.com.cn,71,,
fmprc.gov.cn,69,,
jschina.com.cn,67,,
people.com.cn,65,,
4-traders.com,65,,
koreatimes.co.kr,65,,
wn.com,61,,
dailytimes.com.pk,61,,
modernghana.com,60,,
english.cri.cn,56,,
fr.cntv.cn,55,,
scmp.com,54,,
citizen.co.za,52,,
french.cri.cn,49,,
radiovop.com,47,,
channelnewsasia.com,46,,
thediplomat.com,46,,
zimeye.com,46,,
apanews.net,45,,
globalpost.com,45,,
businessinsider.com,45,,
theepochtimes.com,44,,
salisburypost.com,44,,
time.mk,43,,
slinkingtowardretirement.com,42,,
indiatimes.com,42,,
standardmedia.co.ke,41,,
theguardian.com,41,,
tjcnewspaper.com,41,,
chinamil.com.cn,40,,
mychamplainvalley.com,40,,
theafricareport.com,39,,
womenofchina.cn,39,,
ghanaweb.com,38,,
today.ng,37,,
enca.com,37,,
pazimbabwe.com,36,,
cnn.com,36,,
smh.com.au,36,,
timeslive.co.za,35,,
pindula.co.zw,34,,
washingtonpost.com,34,,
polity.org.za,33,,
africatime.com,33,,
ewn.co.za,32,,
wwntradio.com,32,,
customstoday.com.pk,31,,
bbc.com,31,,
equities.com,31,,
aa.com.tr,30,,
digitaljournal.com,30,,
investmentunderground.com,30,,
masasieharare.com,29,,
qz.com,29,,
theaustralian.com.au,29,,
pulse.ng,29,,
ap.org,29,,
prensa-latina.cu,28,,
thestandard.com.hk,28,,
thetimes.co.uk,28,,
worldbank.org,28,,
fin24.com,28,,
zwnews.com,27,,
asokoinsight.com,27,,
china.com,27,,
starafrica.com,27,,
nysepost.com,27,,
arabic.news.cn,27,,
jewocity.com,26,,
lusakatimes.com,26,,
zimnews.net,26,,
cctv-africa.com,26,,
iusbpreface.com,25,,
foreignpolicy.com,25,,
shanghaidaily.com,25,,
sfgate.com,25,,
salisburyjournal.co.uk,25,,
bizcommunity.com,24,,
afkinsider.com,24,,
billsinsider.com,24,,
trust.org,23,,
seatingchair.com,23,,
mg.co.za,23,,
mgafrica.com,23,,
menafn.com,23,,
business-standard.com,23,,
arabic.cntv.cn,23,,
nzherald.co.nz,23,,
humanitariannews.org,22,,
angop.ao,22,,
sputniknews.com,22,,
globalsecurity.org,22,,
techzim.co.zw,22,,
publimetro.cl,22,,
defenceweb.co.za,22,,
jamaicaobserver.com,22,,
couriermail.com.au,22,,
abc17news.com,22,,
anhuinews.com,22,,
nation.co.ke,21,,
bsccomment.com,21,,
france24.com,21,,
wsoctv.com,21,,
lidtime.com,21,,
guardian.ng,21,,
capitalfm.co.ke,21,,
kvia.com,21,,
chinatopix.com,20,,
cnbc.com,20,,
krcrtv.com,20,,
bjreview.com,20,,
bbc.co.uk,20,,
chinadigitaltimes.net,20,,
nationalaccordnewspaper.com,20,,
malaysiandigest.com,20,,
krdo.com,20,,
ktvz.com,19,,
sunrise2all.com,19,,
manicapost.com,19,,
journalducameroun.com,19,,
newsghana.com.gh,19,,
nytimes.com,19,,
chron.com,19,,
theconversation.com,19,,
kesq.com,18,,
howafrica.com,18,,
livenewscentral.com,18,,
en.rfi.fr,18,,
fruitnet.com,18,,
asianews.it,18,,
theage.com.au,18,,
afriqueexpansion.com,18,,
straitstimes.com,18,,
stltoday.com,18,,
the-star.co.ke,18,,
tribune.com.pk,18,,
thenewstelegraph.com,18,,
telegraph.co.uk,18,,
siouxlandproud.com,17,,
ibtimes.com,17,,
centexproud.com,17,,
newvision.co.ug,17,,
news-sentinel.com,17,,
sen360.com,17,,
southernafrican.news,17,,
arabic.cri.cn,17,,
yourbasin.com,17,,
romandie.com,17,,
ibtimes.co.uk,17,,
sacredheartspectrum.com,17,,
biznews.com,17,,
reliefweb.int,17,,
recorderpost.com,17,,
iafrica.com,16,,
politicsweb.co.za,16,,
cnbcafrica.com,16,,
brisbanetimes.com.au,16,,
lemonde.fr,16,,
voanews.com,16,,
express.co.uk,16,,
chineseembassy.org,16,,
africanews.com,16,,
rapidnewsnetwork.com,16,,
thefinancialexpress.com.bd,16,,
forbes.kz,16,,
thenewsnigeria.com.ng,16,,
charlotteobserver.com,16,,
project-syndicate.org,16,,
africaleader.com,16,,
en.gmw.cn,15,,
dhakatribune.com,15,,
eastday.com,15,,
indiatoday.intoday.in,15,,
cctv.com,15,,
econotimes.com,15,,
good4utah.com,15,,
bostonglobe.com,15,,
news24.com.ng,15,,
fremonttribune.com,15,,
hindi.cri.cn,15,,
stuff.co.nz,15,,
dailymaverick.co.za,15,,
freemalaysiatoday.com,14,,
focac.org,14,,
christianpost.com,14,,
thesundaily.my,14,,
terradaily.com,14,,
tolerance.ca,14,,
sowetanlive.co.za,14,,
nationalinterest.org,14,,
indianexpress.com,14,,
heraldscotland.com,14,,
newsoninvest.com,14,,
mysanantonio.com,14,,
gbtimes.com,14,,
mareeg.com,14,,
telegram.com,14,,
ledgergazette.com,14,,
theinsidekorea.com,14,,
altaposten.no,14,,
scroll.in,14,,
rough-polished.com,14,,
bloomberg.com,14,,
globalvoices.org,14,,
sabc.co.za,13,,
oracleunion.com,13,,
china-africa-reporting.co.za,13,,
mb.com.ph,13,,
proactiveinvestors.co.uk,13,,
espanol.cntv.cn,13,,
oann.com,13,,
themalaymailonline.com,13,,
drurymirror.com,13,,
wbtv.com,13,,
oracleherald.com,13,,
mobile.lemonde.fr,13,,
globedia.com,13,,
wsws.org,13,,
manicapost.co.zw,13,,
asahi.com,13,,
globalconstructionreview.com,13,,
daily.mk,13,,
therepublic.com,12,,
india.com,12,,
dailytrust.com.ng,12,,
bdnews24.com,12,,
upi.com,12,,
montrealgazette.com,12,,
miamiherald.com,12,,
ntd.tv,12,,
northstarnational.com,12,,
kababachir.com,12,,
thestar.com.my,12,,
mongabay.com,12,,
nbcnews.com,12,,
portuguese.cri.cn,12,,
huewire.com,12,,
redpepper.org.uk,12,,
swissinfo.ch,12,,
tanzaniatoday.co.tz,11,,
theworldlink.com,11,,
muscatinejournal.com,11,,
wardheernews.com,11,,
weekendpost.co.bw,11,,
bjreview.com.cn,11,,
lowvelder.co.za,11,,
srilankasource.com,11,,
presschronicle.com,11,,
newsok.com,11,,
delmarvanow.com,11,,
wral.com,11,,
steelguru.com,11,,
thenewage.co.za,11,,
naija247news.com,11,,
celebcafe.org,11,,
702.co.za,11,,
jeuneafrique.com,11,,
wsbradio.com,11,,
foxnews.com,11,,
miningweekly.com,11,,
ctpost.com,11,,
gbcghana.com,11,,
kormorant.co.za,11,,
firstpost.com,11,,
macaudailytimes.com.mo,11,,
sunnewsonline.com,10,,
bernama.com,10,,
nairaland.com,10,,
beijingreview.com.cn,10,,
afriqueredaction.com,10,,
beaconexaminer.com,10,,
namibiansun.com,10,,
mynorthwest.com,10,,
lnt.ma,10,,
heraldsun.com.au,10,,
cfr.org,10,,
cnsnews.com,10,,
rfi.fr,10,,
engineeringnews.co.za,10,,
zim.gov.zw,10,,
kfoxtv.com,10,,
greenwichtime.com,10,,
africageographic.com,10,,
kvoa.com,10,,
newser.com,10,,
christiantimes.com,10,,
startribune.com,10,,
chinaplus.cri.cn,10,,
morungexpress.com,10,,
intpolicydigest.org,10,,
mauritaniavox.com,10,,
thaivisa.com,10,,
businessdayghana.com,9,,
punchng.com,9,,
focusingonwildlife.com,9,,
omaha.com,9,,
prnewswire.com,9,,
dispatchtimes.com,9,,
newsday.co.tt,9,,
espanol.cri.cn,9,,
sbwire.com,9,,
seattlepi.com,9,,
siouxcityjournal.com,9,,
abc.net.au,9,,
daytondailynews.com,9,,
german.cri.cn,9,,
todayonline.com,9,,
klkntv.com,9,,
mtstandard.com,9,,
watoday.com.au,9,,
cote-d-ivoire.net,9,,
lacrossetribune.com,9,,
elcomercio.pe,9,,
independent.co.ug,9,,
thenewdawnliberia.com,9,,
mmegi.bw,9,,
voaafrique.com,9,,
timesunion.com,9,,
pambazuka.org,9,,
thesouthafrican.com,9,,
eurasiareview.com,9,,
jacarandafm.com,9,,
statesville.com,9,,
263chat.com,9,,
thevillagessuntimes.com,9,,
leadership.ng,9,,
lahaine.org,8,,
africasacountry.com,8,,
wcfcourier.com,8,,
japantimes.co.jp,8,,
knpr.org,8,,
ktvq.com,8,,
afropages.fr,8,,
wypr.org,8,,
gulf-times.com,8,,
btvi.in,8,,
fairfieldcitizenonline.com,8,,
ktvl.com,8,,
dailysun.co.za,8,,
nigeriasun.com,8,,
cameroon-tribune.cm,8,,
wbrc.com,8,,
igihe.com,8,,
irishsun.com,8,,
sharenet.co.za,8,,
9and10news.com,8,,
skyscrapercity.com,8,,
downtoearth.org.in,8,,
cpianalysis.org,8,,
wandtv.com,8,,
eturbonews.com,8,,
freshplaza.com,8,,
kpax.com,8,,
mdzol.com,8,,
africa-confidential.com,8,,
anthonypainter.co.uk,8,,
miningglobal.com,8,,
thenews.com.pk,8,,
walb.com,8,,
kswo.com,8,,
wsbt.com,8,,
openpr.com,8,,
blacknet.co.uk,8,,
breitbart.com,8,,
readingeagle.com,8,,
wcnc.com,8,,
seattletimes.com,8,,
hawaiinewsnow.com,8,,
jornada.unam.mx,8,,
journaldebrazza.com,8,,
changezimbabwe.com,8,,
ippmedia.com,8,,
metro.us,8,,
wqow.com,8,,
nationalpost.com,8,,
businessdailyafrica.com,8,,
foreignaffairs.co.nz,8,,
cbs2iowa.com,8,,
bna.bh,8,,
elnuevodiario.com.do,8,,
thehansindia.info,8,,
ktar.com,8,,
atpworldtour.com,8,,
financialspots.com,8,,
oraclegazette.com,7,,
kbzk.com,7,,
newafricanmagazine.com,7,,
tucson.com,7,,
wfmz.com,7,,
journaldequebec.com,7,,
liberation.fr,7,,
thebricspost.com,7,,
thefrontierpost.com,7,,
chinanationalnews.com,7,,
sierraleonetimes.com,7,,
thedailynewnation.com,7,,
medafricatimes.com,7,,
russian.news.cn,7,,
dw.com,7,,
deentv.co.za,7,,
news.com.au,7,,
informativenews.co.ls,7,,
soutalomma.com,7,,
aljazeera.com,7,,
bangkokpost.com,7,,
12newsnow.com,7,,
agenceecofin.com,7,,
cgtn.com,7,,
domain-b.com,7,,
itwebafrica.com,7,,
ezhejiang.gov.cn,7,,
beijingbulletin.com,7,,
middleastpost.com,7,,
nbc29.com,7,,
asiaone.com,7,,
mynews13.com,7,,
streetinsider.com,7,,
koaa.com,7,,
portalangop.co.ao,7,,
iheart.com,7,,
venturesafrica.com,7,,
thepublicopinion.com,7,,
wsbtv.com,7,,
shanghaisun.com,7,,
brookings.edu,7,,
kxlf.com,7,,
ann7.com,7,,
slateafrique.com,7,,
kansascity.com,7,,
pantagraph.com,7,,
mydigitalfc.com,7,,
go.com,7,,
thetandd.com,7,,
businesstimes.co.tz,7,,
timesfreepress.com,7,,
ecofinagency.com,7,,
esi-africa.com,7,,
independent.co.uk,7,,
billingsgazette.com,7,,
technomag.co.zw,7,,
bdlive.co.za,7,,
qctimes.com,7,,
spa.gov.sa,7,,
newsfultoncounty.com,7,,
windsorstar.com,6,,
newera.com.na,6,,
larouchepub.com,6,,
business-humanrights.org,6,,
cemnet.com,6,,
sky.com,6,,
contacto-latino.com,6,,
citizentv.co.ke,6,,
gazettetimes.com,6,,
slconcordtimes.com,6,,
popherald.com,6,,
fasopresse.net,6,,
dailyprogress.com,6,,
beaumontenterprise.com,6,,
lmtonline.com,6,,
wboc.com,6,,
newsdaily.com,6,,
newsmax.com,6,,
kxxv.com,6,,
njherald.com,6,,
neurope.eu,6,,
taipeitimes.com,6,,
rdm.co.za,6,,
baynews9.com,6,,
wpxi.com,6,,
thestarphoenix.com,6,,
dunyanews.tv,6,,
shanghainews.net,6,,
breakbulk.com,6,,
hongkongfp.com,6,,
tribtown.com,6,,
marxist.com,6,,
el-balad.com,6,,
namibian.com.na,6,,
masdark.com,6,,
qianlong.com,6,,
ipi.media,6,,
thedailybeast.com,6,,
independenttribune.com,6,,
slate.com,6,,
empowerednews.net,6,,
theglobeandmail.com,6,,
dailyjournal.net,6,,
mysinchew.com,6,,
zpravy.aktualne.cz,6,,
pinknews.co.uk,6,,
palmbeachpost.com,6,,
faceofmalawi.com,6,,
humanesociety.org,6,,
salon.com,6,,
247nigerianewsupdate.co,6,,
calgaryherald.com,6,,
cnnphilippines.com,6,,
africabusiness.com,6,,
spectator.co.uk,6,,
thenational.ae,6,,
newsobserver.com,6,,
gazettestandard.com,6,,
freightweek.org,6,,
emirates247.com,6,,
appeal-democrat.com,6,,
thehimalayantimes.com,6,,
dissidentvoice.org,6,,
foxsanantonio.com,6,,
newsblogged.com,6,,
ksby.com,6,,
waow.com,6,,
news18.com,6,,
nanonews.org,6,,
latimes.com,6,,
interaksyon.com,6,,
thecountywide.com,6,,
economist.com,6,,
epochtimes.ru,6,,
radioaustralia.net.au,6,,
dailynews.co.tz,6,,
tinzwei.com,6,,
elshinta.com,6,,
onegreenplanet.org,6,,
trib.com,6,,
ht.no,6,,
rekordeast.co.za,6,,
binghamtonhomepage.com,6,,
cajnewsafrica.com,6,,
siftingsherald.com,5,,
hometownstations.com,5,,
pri.org,5,,
cbc.ca,5,,
bdtonline.com,5,,
waltonian.com,5,,
voice-online.co.uk,5,,
houstonchronicle.com,5,,
kplu.org,5,,
wsiu.org,5,,
hpr2.org,5,,
weku.fm,5,,
greensboro.com,5,,
gnnliberia.com,5,,
ofm.co.za,5,,
or-politics.com,5,,
brecorder.com,5,,
nhregister.com,5,,
zanupf.org.zw,5,,
wmra.org,5,,
kcbx.org,5,,
camer.be,5,,
fox13memphis.com,5,,
newdelhitimes.com,5,,
pulse.com.gh,5,,
hppr.org,5,,
kosu.org,5,,
wuis.org,5,,
nigerianpilot.com,5,,
wunc.org,5,,
wrvo.org,5,,
care2.com,5,,
peconicpublicbroadcasting.org,5,,
localnews8.com,5,,
wlrn.org,5,,
manoramaonline.com,5,,
cihan.com.tr,5,,
wfae.org,5,,
journaldumali.com,5,,
africareview.com,5,,
usnews.com,5,,
montraykreyol.org,5,,
tribunnews.com,5,,
zimlive.com,5,,
wuwm.com,5,,
kpcw.org,5,,
boisestatepublicradio.org,5,,
cbs4local.com,5,,
wyso.org,5,,
wxpr.org,5,,
africanarguments.org,5,,
wkar.org,5,,
wcqs.org,5,,
tbo.com,5,,
bignewsnetwork.com,5,,
newsweek.com,5,,
albawabhnews.com,5,,
wknofm.org,5,,
wfsu.org,5,,
hjnews.com,5,,
seychellesnewsagency.com,5,,
upr.org,5,,
kazu.org,5,,
maliactu.net,5,,
businessghana.com,5,,
wmky.org,5,,
netscape.com,5,,
channel4000.com,5,,
ivpressonline.com,5,,
thedodo.com,5,,
mpbn.net,5,,
ripr.org,5,,
wnmufm.org,5,,
ad-hoc-news.de,5,,
delawarepublic.org,5,,
wvasfm.org,5,,
pressafrik.com,5,,
africultures.com,5,,
dailynht.com,5,,
kctv5.com,5,,
whqr.org,5,,
knba.org,5,,
ctvnews.ca,5,,
kwit.org,5,,
goldenisles.news,5,,
aspenpublicradio.org,5,,
chinaafricarealstory.com,5,,
wuky.org,5,,
cajnews.co.zw,5,,
wemu.org,5,,
alittihad.ae,5,,
spokanepublicradio.org,5,,
kasu.org,5,,
sunherald.com,5,,
zocalo.com.mx,5,,
ledger-enquirer.com,5,,
gazette.com,5,,
nst.com.my,5,,
krwg.org,5,,
saharareporters.com,5,,
rtl.be,5,,
viralnova.com,5,,
emtv.com.pg,5,,
ethiosun.com,5,,
keranews.org,5,,
kenw.org,5,,
bellinghamherald.com,5,,
dailyherald.com,5,,
wordpress.com,5,,
hickoryrecord.com,5,,
ketr.org,5,,
wwno.org,5,,
ksmu.org,5,,
thesouthern.com,5,,
wyomingpublicmedia.org,5,,
blastingnews.com,5,,
wdiy.org,5,,
wibqam.com,5,,
masterstudies.com,5,,
wnpr.org,5,,
townhall.com,5,,
northernpublicradio.org,5,,
wpsu.org,5,,
thedailyvox.co.za,5,,
michigansthumb.com,5,,
wutc.org,5,,
copts-united.com,5,,
miningne.ws,5,,
wesm913.org,5,,
worldtribune.com,5,,
diarioinenglish.com,5,,
journal-news.com,5,,
kvpr.org,5,,
i24news.tv,5,,
businessdaily.co.zw,5,,
herald-review.com,5,,
scnow.com,5,,
sott.net,5,,
footprint2africa.com,4,,
borneobulletin.com.bn,4,,
wgme.com,4,,
whdh.com,4,,
newsalyoum.com,4,,
khulumaafrika.com,4,,
kdhnews.com,4,,
thenerveafrica.com,4,,
star-telegram.com,4,,
newscenter1.tv,4,,
cameroon-info.net,4,,
ottawacitizen.com,4,,
samigration.com,4,,
caixin.com,4,,
macon.com,4,,
queer.de,4,,
cbs12.com,4,,
trtworld.com,4,,
pr-inside.com,4,,
premiumtimesng.com,4,,
standard.net,4,,
businessinsider.in,4,,
allbuzznews.com,4,,
theolympian.com,4,,
businesstoday.in,4,,
bgdailynews.com,4,,
laosnews.net,4,,
thevoicebw.com,4,,
wtov9.com,4,,
diariodecaracas.com,4,,
environmentguru.com,4,,
thehour.com,4,,
tvnewsroom.org,4,,
londonmercury.com,4,,
registercitizen.com,4,,
missoulian.com,4,,
africanreview.com,4,,
zululandobserver.co.za,4,,
morganton.com,4,,
tristatehomepage.com,4,,
businesslive.co.za,4,,
thenewstribune.com,4,,
findlaw.com,4,,
wlos.com,4,,
skift.com,4,,
ptinews.com,4,,
oaoa.com,4,,
idahostatejournal.com,4,,
pambazuka.net,4,,
forimmediaterelease.net,4,,
canonplace.com,4,,
channelafrica.co.za,4,,
periodicodigital.mx,4,,
newswest9.com,4,,
wlox.com,4,,
yourerie.com,4,,
canada.com,4,,
9news.com.au,4,,
in2eastafrica.net,4,,
npr.org,4,,
my40.tv,4,,
inquirer.net,4,,
noticias.terra.cl,4,,
opednews.com,4,,
wect.com,4,,
forcechange.com,4,,
arkansasonline.com,4,,
elpasoinc.com,4,,
shorelinemedia.net,4,,
observerleader.com,4,,
channelstv.com,4,,
southcoasttoday.com,4,,
canberratimes.com.au,4,,
reportfocusnews.com,4,,
it-online.co.za,4,,
rocketnews.com,4,,
alakhbar.info,4,,
list-online.com,4,,
healthable.org,4,,
westfieldtimes.com,4,,
fox4beaumont.com,4,,
eveningexpress.co.uk,4,,
capradio.org,4,,
links.org.au,4,,
monitor.co.ug,4,,
porttechnology.org,4,,
eagletribune.com,4,,
noticias.terra.es,4,,
telegraphvoice.com,4,,
atlantablackstar.com,4,,
proactiveinvestors.com.au,4,,
towardfreedom.com,4,,
diplomaticourier.com,4,,
whig.com,4,,
devex.com,4,,
moultonadvertiser.com,4,,
terra.com,4,,
oraclechronicle.com,4,,
argusleader.com,4,,
francesoir.fr,4,,
vancouversun.com,4,,
in-cyprus.com,4,,
nigeriatoday.ng,4,,
13wham.com,4,,
philstar.com,4,,
kfdm.com,4,,
oleantimesherald.com,4,,
billionaire.com,4,,
countercurrents.org,4,,
entornointeligente.com,4,,
voiceofalexandria.com,4,,
europesun.com,4,,
financialafrik.com,4,,
mercurynewsdaily.com,4,,
saiia.org.za,4,,
20minutes.fr,4,,
newstimeafrica.com,4,,
wjactv.com,4,,
leaderpost.com,4,,
news24.co.ke,4,,
internationallawoffice.com,4,,
marketscreener.com,4,,
moneycontrol.com,4,,
statejournal.com,4,,
pmnewsnigeria.com,4,,
kerngoldenempire.com,4,,
afp.com,4,,
24.com.eg,4,,
foxreno.com,4,,
elaph.com,4,,
investing.com,4,,
elperiodicodemexico.com,4,,
informe21.com,4,,
kvlu.org,4,,
hongkongherald.com,4,,
shine.cn,4,,
heraldonline.com,4,,
smc.sd,4,,
goldcoastbulletin.com.au,4,,
dailypakistan.com.pk,4,,
thenewslens.com,4,,
newsradioklbj.com,4,,
alnhar.net,4,,
taiwansun.com,4,,
newsadvance.com,4,,
innercitypress.com,4,,
thoughtleader.co.za,4,,
fredericksburg.com,4,,
netnebraska.org,4,,
unnindia.com,4,,
ta3.com,4,,
newsday.com,4,,
theuknews.com,4,,
abc22now.com,4,,
newschannel20.com,4,,
timesofoman.com,4,,
capetalk.co.za,4,,
sanluisobispo.com,4,,
wlrh.org,4,,
britainnews.net,4,,
malaysiakini.com,4,,
modbee.com,4,,
nikkei.com,4,,
thehindu.com,4,,
islandpacket.com,4,,
columbustelegram.com,4,,
tpmelectioncentral.com,4,,
politics.co.uk,4,,
heraldbulletin.com,4,,
rt.com,4,,
mediacongo.net,4,,
thesierraleonetelegraph.com,4,,
fox17.com,4,,
elespectador.com,4,,
cipe.org,4,,
albawaba.com,4,,
thetimesgazette.com,4,,
peacefmonline.com,4,,
beatricedailysun.com,4,,
phys.org,4,,
terra.com.pe,4,,
helenair.com,4,,
tmcnet.com,4,,
tampabay.com,4,,
sfbayview.com,4,,
pahomepage.com,4,,
portugalglobal.pt,4,,
springfieldnewssun.com,4,,
techtimes.com,4,,
breakingnews.ie,4,,
spacewar.com,4,,
misna.org,4,,
wchstv.com,4,,
ahram.org.eg,4,,
vietnamtribune.com,4,,
serbian.cri.cn,3,,
yale.edu,3,,
lepetitjournal.com,3,,
broadwayworld.com,3,,
knau.org,3,,
jpost.com,3,,
channel3000.com,3,,
bloombergquint.com,3,,
4029tv.com,3,,
jornaldeangola.sapo.ao,3,,
agi.it,3,,
businessinsider.com.au,3,,
wbal.com,3,,
ky3.com,3,,
cheddarvalleygazette.co.uk,3,,
cachevalleydaily.com,3,,
kxan.com,3,,
kaj18.com,3,,
sacbee.com,3,,
africacenter.org,3,,
kvnf.org,3,,
hastingstribune.com,3,,
thesun.co.uk,3,,
cantondailyledger.com,3,,
strategypage.com,3,,
dothanfirst.com,3,,
publicradioeast.org,3,,
sfchronicle.com,3,,
drum.co.za,3,,
wabe.org,3,,
yibada.com,3,,
ngrguardiannews.com,3,,
conchovalleyhomepage.com,3,,
eldia.es,3,,
the-japan-news.com,3,,
klcc.org,3,,
theweek.com,3,,
wfit.org,3,,
click2houston.com,3,,
japantoday.com,3,,
ksbw.com,3,,
federalnewsradio.com,3,,
wosu.org,3,,
kbia.org,3,,
nhpr.org,3,,
iharare.com,3,,
kiro7.com,3,,
wglt.org,3,,
devdiscourse.com,3,,
ryb.ru,3,,
morningstaronline.co.uk,3,,
postoracle.com,3,,
euro.cz,3,,
redriverradio.org,3,,
stamfordadvocate.com,3,,
bonnercountydailybee.com,3,,
journalreview.com,3,,
wdbj7.com,3,,
ndtv.com,3,,
eng.tpp-inform.ru,3,,
newstimes.com,3,,
utsandiego.com,3,,
wcti12.com,3,,
seneweb.com,3,,
scientificamerican.com,3,,
news8000.com,3,,
thebrunswicknews.com,3,,
kunm.org,3,,
irna.ir,3,,
chinachristiandaily.com,3,,
texomashomepage.com,3,,
asiabulletin.com,3,,
norwichbulletin.com,3,,
milenio.com,3,,
freep.com,3,,
weaa.org,3,,
investegate.co.uk,3,,
siouxlandmatters.com,3,,
wmot.org,3,,
wvtf.org,3,,
constructionreviewonline.com,3,,
ktxs.com,3,,
wmdt.com,3,,
rochesterfirst.com,3,,
lefigaro.fr,3,,
graphic.com.gh,3,,
horsetalk.co.nz,3,,
thenewamerican.com,3,,
wvik.org,3,,
fox30jax.com,3,,
newburyportnews.com,3,,
wksu.org,3,,
wftv.com,3,,
irishtimes.com,3,,
thepatriot.co.bw,3,,
kuow.org,3,,
thecable.ng,3,,
cybersecuritycaucus.com,3,,
opb.org,3,,
nettavisen.no,3,,
wamc.org,3,,
crisisgroup.org,3,,
source.co.zw,3,,
brics-info.org,3,,
moderndiplomacy.eu,3,,
wuwf.org,3,,
dnaindia.com,3,,
depo.ua,3,,
stabroeknews.com,3,,
magseriesusa.net,3,,
roanoke.com,3,,
actionnewsjax.com,3,,
mtpr.org,3,,
latercera.com,3,,
moneyweb.co.za,3,,
cp-africa.com,3,,
usatoday.com,3,,
la-croix.com,3,,
wnd.com,3,,
kxly.com,3,,
ibn-tv.com,3,,
kclu.org,3,,
huffingtonpost.co.za,3,,
newzy.net,3,,
wbt.com,3,,
kspr.com,3,,
telesurtv.net,3,,
ksat.com,3,,
clickondetroit.com,3,,
roadsafety.co.za,3,,
kmuw.org,3,,
quadrangleonline.com,3,,
santamariatimes.com,3,,
myhighplains.com,3,,
newsbug.info,3,,
fourstateshomepage.com,3,,
wqcs.org,3,,
mineweb.com,3,,
gawker.com,3,,
lemauricien.com,3,,
wsfx.com,3,,
kacu.org,3,,
aftonbladet.se,3,,
clickorlando.com,3,,
shzxgov.com,3,,
kwbu.org,3,,
wakeywakeynews.com,3,,
wshu.org,3,,
southerntimesafrica.com,3,,
localsyr.com,3,,
ualrpublicradio.org,3,,
greatindaba.com,3,,
steelerslounge.com,3,,
wgal.com,3,,
mtn.co.kr,3,,
capeandislands.org,3,,
thejakartapost.com,3,,
wjsu.org,3,,
southcarolinapublicradio.org,3,,
freerepublic.com,3,,
leavenworthtimes.com,3,,
wvxu.org,3,,
theet.com,3,,
expatica.com,3,,
huffingtonpost.com,3,,
wboi.org,3,,
hindustantimes.com,3,,
beloitdailynews.com,3,,
mytwintiers.com,3,,
delmarvapublicradio.net,3,,
marketwatch.com,3,,
kmbc.com,3,,
icilome.com,3,,
wyff4.com,3,,
southeastasiapost.com,3,,
vnexpress.net,3,,
wlwt.com,3,,
ozarksfirst.com,3,,
westernslopenow.com,3,,
ktep.org,3,,
africatimes.com,3,,
stjoechannel.com,3,,
newsfromafrica.org,3,,
bellanaija.com,3,,
theeagle.com,3,,
noticiasaominuto.com,3,,
nation.com.pk,3,,
terra.com.co,3,,
kalw.org,3,,
eldinamo.cl,3,,
beritasatu.com,3,,
gdnonline.com,3,,
wprl.org,3,,
ukzambians.co.uk,3,,
hawaiipublicradio.org,3,,
ijpr.org,3,,
wcyb.com,3,,
centralillinoisproud.com,3,,
lycos.com,3,,
themonitor.com,3,,
wncw.org,3,,
nbcmontana.com,3,,
peoriapublicradio.org,3,,
tass.ru,3,,
nasdaq.com,3,,
keyt.com,3,,
local10.com,3,,
bourse.lefigaro.fr,3,,
wtae.com,3,,
heraldlive.co.za,3,,
kait8.com,3,,
wjcl.com,3,,
interlochenpublicradio.org,3,,
expressnews.com,3,,
kios.org,3,,
telegraphtimes.com,3,,
somalilandpress.com,3,,
stuttgartdailyleader.com,3,,
publicradiotulsa.org,3,,
nwpr.org,3,,
goerie.com,3,,
counterpunch.org,3,,
kccu.org,3,,
republika.co.id,3,,
stockandland.com.au,3,,
alufuqnews.com,3,,
krcc.org,3,,
journalstar.com,3,,
hillaac.net,3,,
wcvb.com,3,,
wbaa.org,3,,
krcu.org,3,,
dhakacourier.com.bd,3,,
terra.com.ar,3,,
dailyjournalonline.com,3,,
foxwilmington.com,3,,
morningstar.co.uk,3,,
javedch.com,3,,
news4jax.com,3,,
olorisupergal.com,3,,
wesa.fm,3,,
wcbe.org,3,,
telegeography.com,3,,
fairydetox.org,3,,
informnny.com,3,,
legit.ng,3,,
kcci.com,3,,
source-7.com,3,,
thestage.co.uk,2,,
eurasianet.org,2,,
metrotvnews.com,2,,
alome.com,2,,
wfdd.org,2,,
theenvironmentonline.com,2,,
mintpressnews.com,2,,
bismarcktribune.com,2,,
defenseone.com,2,,
koaci.com,2,,
trends.levif.be,2,,
folkebladet.no,2,,
jang.com.pk,2,,
iowapublicradio.org,2,,
natlawreview.com,2,,
myhealthbowl.com,2,,
worldcrunch.com,2,,
norfolknews.ca,2,,
bigtalk1490.com,2,,
vice.com,2,,
fairobserver.com,2,,
lestimes.com,2,,
timesofislamabad.com,2,,
debate.com.mx,2,,
thenewsunion.com,2,,
strangesounds.org,2,,
newschannel6now.com,2,,
lemag.ma,2,,
nymag.com,2,,
valdostadailytimes.com,2,,
thedailystar.net,2,,
lompocrecord.com,2,,
kwqc.com,2,,
irr.org.uk,2,,
booktour.tips,2,,
egyptindependent.com,2,,
earthtouchnews.com,2,,
out-law.com,2,,
lapatilla.com,2,,
newstatesman.com,2,,
thesoutherndaily.co.zw,2,,
belfasttelegraph.co.uk,2,,
africanlawbusiness.com,2,,
betterdiamondinitiative.org,2,,
ens-newswire.com,2,,
sinodaily.com,2,,
whio.com,2,,
humanosphere.org,2,,
naharnet.com,2,,
bcdemocrat.com,2,,
jyllands-posten.dk,2,,
echoofindia.com,2,,
bta.bg,2,,
aljazeera.net,2,,
hararenews.co.zw,2,,
thequint.com,2,,
undispatch.com,2,,
dailyastorian.com,2,,
el-mexicano.com.mx,2,,
blesk.cz,2,,
el-nacional.com,2,,
s4udix.com,2,,
arabnews.com,2,,
libcom.org,2,,
nationmultimedia.com,2,,
hln.be,2,,
thefinancialexpress-bd.com,2,,
theinvestigatornews.com,2,,
recorderpress.com,2,,
dostor.org,2,,
metrodakar.net,2,,
dailynews.lk,2,,
grantourismotravels.com,2,,
news24xx.com,2,,
eatingburn.com,2,,
securitydocumentworld.com,2,,
fidh.org,2,,
cmjornal.xl.pt,2,,
heraldvoice.com,2,,
ourmidland.com,2,,
wsj.com,2,,
newsbytesapp.com,2,,
asianews.network,2,,
muscatdaily.com,2,,
elmundo.es,2,,
independent.ie,2,,
wickedlocal.com,2,,
freightnet.com,2,,
dunia.tempo.co,2,,
theindependent.com,2,,
politico.eu,2,,
therolladailynews.com,2,,
prameyanews7.com,2,,
khabaragency.net,2,,
cmjornal.pt,2,,
lesechos.fr,2,,
fresnobee.com,2,,
answersafrica.com,2,,
therwandan.com,2,,
ahmedkhousa.com,2,,
abidjan.net,2,,
elancasti.com.ar,2,,
sulphurdailynews.com,2,,
wvpublic.org,2,,
zambianwatchdog.com,2,,
aspistrategist.org.au,2,,
osterbottenstidning.fi,2,,
thecattlesite.com,2,,
chinapost.com.tw,2,,
gulfnews.com,2,,
hellenicshippingnews.com,2,,
irrawaddy.com,2,,
elmalaeb.com,2,,
efe.com,2,,
confirmado.net,2,,
biztechafrica.com,2,,
cumberlink.com,2,,
gooya.com,2,,
diodeo.com,2,,
yaledailynews.com,2,,
obiaks.com,2,,
starrfmonline.com,2,,
africabusinessforum.com,2,,
finalcall.com,2,,
middletownpress.com,2,,
seattleglobalist.com,2,,
businesstech.co.za,2,,
voaswahili.com,2,,
nacion.com,2,,
yomyomf.com,2,,
longisland.com,2,,
defensenews.com,2,,
660wxqw.com,2,,
government.leadership.ng,2,,
planetbiometrics.com,2,,
omanobserver.om,2,,
tempo.co,2,,
heraldnet.com,2,,
thailandnews.net,2,,
kawc.org,2,,
africanbusinessreview.co.za,2,,
somalilandsun.com,2,,
providencejournal.com,2,,
hebdo.ch,2,,
kpbs.org,2,,
csmonitor.com,2,,
echo.net.au,2,,
inforos.ru,2,,
washingtonexaminer.com,2,,
macauhub.com.mo,2,,
theelephant.info,2,,
dailysabah.com,2,,
examinertimes.com,2,,
nonpareilonline.com,2,,
vasabladet.fi,2,,
sonnenseite.com,2,,
stockmarketwire.com,2,,
poskotanews.com,2,,
courier-tribune.com,2,,
rappler.com,2,,
argentinastar.com,2,,
wbur.org,2,,
fortune.com,2,,
saudigazette.com.sa,2,,
abcnews4.com,2,,
euractiv.com,2,,
ksut.org,2,,
rapidcityjournal.com,2,,
zonebourse.com,2,,
t-online.de,2,,
nepr.net,2,,
krcb.org,2,,
cctv-america.com,2,,
shafaqna.com,2,,
ktre.com,2,,
reporternews.com,2,,
tribuneonlineng.com,2,,
dailymirror.lk,2,,
kenyalondonnews.org,2,,
tradearabia.com,2,,
oeildafrique.com,2,,
sciencesetavenir.fr,2,,
caribbeanbusiness.com,2,,
atimes.com,2,,
mims.com,2,,
businesstimes.com.sg,2,,
elmanana.com,2,,
heraldcourier.com,2,,
southcarolinasc.com,2,,
gp.se,2,,
livehindustan.com,2,,
lepoint.fr,2,,
idexonline.com,2,,
altaakhipress.com,2,,
24heures.ch,2,,
ideastream.org,2,,
news.statetimes.in,2,,
bernama.com.my,2,,
brownsvilleherald.com,2,,
ireporteronline.com,2,,
irinnews.org,2,,
thestatesman.com,2,,
israelidiamond.co.il,2,,
bradfordera.com,2,,
mercedsunstar.com,2,,
un.org,2,,
information.dk,2,,
heraldextra.com,2,,
myfoxboston.com,2,,
azdailysun.com,2,,
dailystar.com.lb,2,,
thealternativedaily.com,2,,
ntnews.com.au,2,,
financialexpress.com,2,,
zamanarabic.com,2,,
shanghaiist.com,2,,
ocregister.com,2,,
agenceafrique.com,2,,
townsvillebulletin.com.au,2,,
etvradio.org,2,,
daily-sun.com,2,,
aitnews.com,2,,
myplainview.com,2,,
argus-press.com,2,,
weeklytimesnow.com.au,2,,
europapress.es,2,,
recode.net,2,,
dailypress.com,2,,
eluniverso.com,2,,
adiac-congo.com,2,,
bilbaoya.com,2,,
theindiapost.com,2,,
almanar.com.lb,2,,
lmtribune.com,2,,
haaretz.com,2,,
forbes.com,2,,
ktla.com,2,,
heraldstandard.com,2,,
dbtechno.com,2,,
benzinga.com,2,,
wantchinatimes.com,2,,
ilizwi263.com,2,,
africadaily.net,2,,
al3asma.com,2,,
wclk.com,2,,
sundayguardianlive.com,2,,
oneindia.com,2,,
africa-newsroom.com,2,,
chicagotribune.com,2,,
nypost.com,2,,
aaj.tv,2,,
thinkprogress.org,2,,
sundiatapost.com,2,,
coinweek.com,2,,
lexpansion.lexpress.fr,2,,
perthnow.com.au,2,,
peoplepets.com,2,,
elbalad.news,2,,
geo.tv,2,,
opendemocracy.net,2,,
edmontonjournal.com,2,,
informationng.com,2,,
texarkanagazette.com,2,,
akhbrjeddah.com,2,,
prospectmagazine.co.uk,2,,
newshub.co.nz,2,,
turkishweekly.net,2,,
theborneopost.com,2,,
tpr.org,2,,
uniradionoticias.com,2,,
courthousenews.com,2,,
finanznachrichten.de,2,,
statesman.com,2,,
gpb.org,2,,
guampdn.com,2,,
manshetnews.com,2,,
statesmanjournal.com,2,,
brudirect.com,2,,
ajc.com,2,,
mpasho.co.ke,2,,
africa.tvcnews.tv,2,,
kitv.com,2,,
economist.com.na,2,,
naijaolofofo.com,2,,
topsfashions.com,2,,
tap.info.tn,2,,
manilatimes.net,2,,
workersliberty.org,2,,
financialwatchngr.com,2,,
jonathanturley.org,2,,
sierraexpressmedia.com,2,,
naplesherald.com,2,,
omct.org,2,,
theinsider.ug,2,,
wng.org,2,,
kgou.org,2,,
krmg.com,2,,
linfo.re,2,,
mirror.co.uk,2,,
princegeorgecitizen.com,2,,
observeroracle.com,2,,
democratherald.com,2,,
net.hr,2,,
dailyamerican.com,2,,
egypttoday.com,2,,
dalje.com,2,,
hani.co.kr,2,,
huffingtonpost.co.uk,2,,
thanhniennews.com,2,,
ktoo.org,2,,
theeastafrican.co.ke,2,,
albayan.ae,2,,
delawareonline.com,2,,
tekkibloggers.com,2,,
africaoutlookmag.com,2,,
weeklystandard.com,2,,
spyghana.com,2,,
bradenton.com,2,,
thezambezian.com,2,,
geelongadvertiser.com.au,2,,
ksaday.net,2,,
newsgrio.com,2,,
justsecurity.org,2,,
myfoxal.com,2,,
caracol.com.co,2,,
newsoneplace.com,2,,
sent-trib.com,2,,
nwaonline.com,2,,
daargroup.com,2,,
wrur.org,2,,
foxbusiness.com,2,,
nationnews.com,2,,
northeasttoday.in,2,,
weforum.org,2,,
northcountrypublicradio.org,2,,
alraimedia.com,2,,
frontline.in,2,,
kansas.com,2,,
zimtelegraph.com,2,,
raialyoum.com,2,,
idahostatesman.com,2,,
kxlh.com,2,,
izf.net,2,,
adelaidenow.com.au,2,,
voiceherald.com,2,,
bohuslaningen.se,2,,
annabaa.org,2,,
capitalradiomalawi.com,2,,
euronews.com,2,,
terra.com.mx,2,,
traderplanet.com,2,,
santafenewmexican.com,2,,
wapa.tv,2,,
kcur.org,2,,
bnd.com,2,,
socialistworker.co.uk,2,,
sbs.com.au,2,,
prokerala.com,2,,
laliberte.ch,2,,
pulsoslp.com.mx,2,,
hoytamaulipas.net,2,,
koamtv.com,2,,
valuewalk.com,2,,
republicofmining.com,2,,
plenglish.com,2,,
dolezite.sk,2,,
en.trend.az,2,,
apnewsarchive.com,2,,
kion546.com,2,,
amtvmedia.com,2,,
bostonherald.com,2,,
travelweekly.com,2,,
investingnews.com,2,,
unimexicali.com,2,,
observervoice.com,2,,
industrytoday.co.uk,2,,
thewhatandthewhy.com,2,,
lavanguardia.com,2,,
stratfor.com,2,,
dispatchlive.co.za,2,,
zap2it.com,1,,
roodepoortnorthsider.co.za,1,,
icij.org,1,,
bloomgist.com,1,,
gearsofbiz.com,1,,
southafricatoday.net,1,,
alterinfo.net,1,,
sharecast.com,1,,
inilah.com,1,,
dailyemerald.com,1,,
ibtimes.co.in,1,,
cortezjournal.com,1,,
nigerianeye.com,1,,
wiltshiretimes.co.uk,1,,
azocleantech.com,1,,
postbulletin.com,1,,
montgomerynews.com,1,,
publico.pt,1,,
lepharillon.ca,1,,
newsru.com,1,,
africanbrains.net,1,,
polotiki.com,1,,
southfront.org,1,,
wradio.com.co,1,,
7sur7.be,1,,
dailymercury.com.au,1,,
koin.com,1,,
perspectivabetica.com,1,,
sowetourban.co.za,1,,
dailyrecord.co.uk,1,,
conservativehome.com,1,,
denverpost.com,1,,
gmanetwork.com,1,,
arvamus.postimees.ee,1,,
tuscaloosanews.com,1,,
elpais.com,1,,
diario.mx,1,,
regator.com,1,,
laopinion.com.co,1,,
fox5vegas.com,1,,
africacheck.org,1,,
philly.com,1,,
newspressnow.com,1,,
thehansindia.com,1,,
thetelegraphandargus.co.uk,1,,
linternaute.com,1,,
ladepeche.fr,1,,
shropshirestar.com,1,,
zerohedge.com,1,,
news10.com,1,,
wellsjournal.co.uk,1,,
fox10phoenix.com,1,,
lavozdigital.es,1,,
cointelegraph.com,1,,
wandsworthguardian.co.uk,1,,
gov.za,1,,
voaindonesia.com,1,,
ventures-africa.com,1,,
lalibre.be,1,,
news12.com,1,,
caledonianrecord.com,1,,
perssupport.nl,1,,
state.gov,1,,
critica.com.pa,1,,
albertonrecord.co.za,1,,
rekordmoot.co.za,1,,
sopitas.com,1,,
hopestar.com,1,,
vryheidherald.co.za,1,,
aguasdigital.com,1,,
hojemacau.com.mo,1,,
tvanouvelles.ca,1,,
thegardenisland.com,1,,
mu.dah.my,1,,
nkhanimchitumbuka.com,1,,
newstrackindia.com,1,,
alqabas.com.kw,1,,
eastbayri.com,1,,
ksn.com,1,,
zahranicni.ihned.cz,1,,
financialmail.co.za,1,,
thenationonlineng.net,1,,
thehindubusinessline.com,1,,
dubaiinformer.com,1,,
syvnews.com,1,,
adn.com,1,,
phillytrib.com,1,,
tralac.org,1,,
macaubusiness.com,1,,
latestnewslink.com,1,,
amnestyalgerie.org,1,,
taringa.net,1,,
myarklamiss.com,1,,
webindia123.com,1,,
falaknews.com,1,,
ittefaq.com.bd,1,,
daily.com.ua,1,,
depauliaonline.com,1,,
myfoxaustin.com,1,,
timesofmalta.com,1,,
abqjournal.com,1,,
newtimes.co.rw,1,,
livecharts.co.uk,1,,
herald-dispatch.com,1,,
hotair.com,1,,
itnewsafrica.com,1,,
metro.pr,1,,
energy-business-review.com,1,,
banklesstimes.com,1,,
nigerianewspaper.com.ng,1,,
ant1news.gr,1,,
axisoflogic.com,1,,
therecord.com,1,,
globalcement.com,1,,
wjtv.com,1,,
greentechlead.com,1,,
afr.com,1,,
toynews-online.biz,1,,
time.com,1,,
lowyinstitute.org,1,,
minprom.ua,1,,
africa-me.com,1,,
philippinetimes.com,1,,
onlineathens.com,1,,
thehill.com,1,,
myfoxchicago.com,1,,
journalmetro.com,1,,
fedpress.ru,1,,
desertherald.com,1,,
infiniteunknown.net,1,,
multimedios.com,1,,
fyens.dk,1,,
artesianews.com,1,,
newsandstar.co.uk,1,,
guineenews.org,1,,
authorityngr.com,1,,
abruzzo.tv,1,,
krjogja.com,1,,
mronline.org,1,,
staugustine.com,1,,
clarin.com,1,,
dennikn.sk,1,,
capx.co,1,,
ugandandiasporanews.com,1,,
sunshinecoastdaily.com.au,1,,
thenews-chronicle.com,1,,
ecr.co.za,1,,
celebritycheck.co.zw,1,,
permaculturenews.org,1,,
myjoyonline.com,1,,
kdwn.com,1,,
kp.ru,1,,
noosanews.com.au,1,,
networkforanimals.org,1,,
pctechmag.com,1,,
tdg.ch,1,,
yorkpress.co.uk,1,,
mali-web.org,1,,
thisiswiltshire.co.uk,1,,
vesti.ru,1,,
sevilla.abc.es,1,,
telegraf.by,1,,
quickworldnews.com,1,,
carnewschina.com,1,,
freebeacon.com,1,,
asianage.com,1,,
mboaconnect.com,1,,
4zzzfm.org.au,1,,
cleantechnology-business-review.com,1,,
waff.com,1,,
mediapool.bg,1,,
issafrica.org,1,,
elimparcial.com,1,,
theargus.co.uk,1,,
uol.com.br,1,,
korean.cri.cn,1,,
register-herald.com,1,,
wjhl.com,1,,
southwalesguardian.co.uk,1,,
kfbb.com,1,,
climateandcapitalism.com,1,,
aiwaegypt.com,1,,
middle-east-online.com,1,,
lexpressiondz.com,1,,
scoop.co.nz,1,,
24tv.ua,1,,
gambianewsonline.com,1,,
financialtribune.com,1,,
mondotimes.com,1,,
thepropertypin.com,1,,
iisd.org,1,,
dothaneagle.com,1,,
elconfidencial.com,1,,
biometricupdate.com,1,,
chosun.com,1,,
independent.ng,1,,
outsideonline.com,1,,
bigtakeover.com,1,,
dailycaller.com,1,,
mx.dk,1,,
infrastructurene.ws,1,,
legriot.info,1,,
desertdispatch.com,1,,
politiken.dk,1,,
hartfordbusiness.com,1,,
fokus.se,1,,
railwaygazette.com,1,,
wiscnews.com,1,,
stern.de,1,,
serbiananimalsvoice.com,1,,
warritatafo.com,1,,
londontheatre1.com,1,,
lse.co.uk,1,,
icct.edu.ph,1,,
takepart.com,1,,
slguardian.org,1,,
northernstar.info,1,,
portal-credo.ru,1,,
globegazette.com,1,,
special.tass.ru,1,,
mobileworldlive.com,1,,
northcoastcourier.co.za,1,,
radio.gov.pk,1,,
africafeeds.com,1,,
renewablesbiz.com,1,,
earthisland.org,1,,
inquisitr.com,1,,
saharamedias.net,1,,
tri-cityherald.com,1,,
newsnow.in,1,,
tyzhden.ua,1,,
smallwarsjournal.com,1,,
insidebelleville.com,1,,
bt.com,1,,
ryot.org,1,,
thetibetpost.com,1,,
dailytimes.ng,1,,
thenet.ng,1,,
svenska.yle.fi,1,,
smnweekly.com,1,,
ru.tsn.ua,1,,
schema-root.org,1,,
jckonline.com,1,,
urdupoint.com,1,,
globaljournalist.org,1,,
aex.ru,1,,
thediamondloupe.com,1,,
times.co.sz,1,,
mining.com,1,,
corsematin.com,1,,
guernseypress.com,1,,
afghanpaper.com,1,,
wboy.com,1,,
publicfinanceinternational.org,1,,
sgtreport.com,1,,
thebangladeshtoday.com,1,,
abidjantv.net,1,,
unionradio.net,1,,
unosanrafael.com.ar,1,,
blouinnews.com,1,,
lrb.co.uk,1,,
zambiawatchdog.com,1,,
signalng.com,1,,
northernnatalcourier.co.za,1,,
postzambia.com,1,,
vesti-online.com,1,,
blacksatino.com,1,,
wbtw.com,1,,
generation-nt.com,1,,
groundviews.org,1,,
digitallook.com,1,,
atlanticcouncil.org,1,,
heart.co.uk,1,,
latribuna.hn,1,,
fortunascorner.com,1,,
ladysmithgazette.co.za,1,,
ejinsight.com,1,,
elghad.co,1,,
gattonstar.com.au,1,,
bu.edu,1,,
1newsbd.com,1,,
ladunliadinews.com,1,,
rekordnorth.co.za,1,,
myrtlebeachonline.com,1,,
kktv.com,1,,
theintelligencer.com,1,,
southlandssun.co.za,1,,
australianmining.com.au,1,,
wtrf.com,1,,
rusjev.net,1,,
eleconomista.es,1,,
the-messenger.com,1,,
aargauerzeitung.ch,1,,
traveller24.com,1,,
wwlp.com,1,,
direct.news,1,,
washingtontimes.com,1,,
caravandaily.com,1,,
africabusinessworld.com,1,,
unesco.org,1,,
ariquemesonline.com.br,1,,
journaldujura.ch,1,,
businessinsider.co.za,1,,
madison.com,1,,
gypsy.ninja,1,,
234vibesnews.com,1,,
lancasteronline.com,1,,
psmag.com,1,,
dailymailnews.com,1,,
m.lesechos.fr,1,,
cbsnews.com,1,,
gazetadopovo.com.br,1,,
presstv.com,1,,
sltrib.com,1,,
blic.rs,1,,
thedailyreporter.com,1,,
duquoin.com,1,,
qatar-tribune.com,1,,
risingsunoverport.co.za,1,,
thepeninsulaqatar.com,1,,
myfoxtampabay.com,1,,
1tv.com.ua,1,,
counton2.com,1,,
ozy.com,1,,
bisnis.com,1,,
bostonbibliophile.com,1,,
coventrytelegraph.net,1,,
nordjyske.dk,1,,
theaggie.org,1,,
journalobserver.com,1,,
hngn.com,1,,
swimmingworldmagazine.com,1,,
timesdaily.com,1,,
life.ru,1,,
bangladeshsun.com,1,,
pts.org.tw,1,,
thefiscaltimes.com,1,,
gladstoneobserver.com.au,1,,
sify.com,1,,
qt.com.au,1,,
hamiltonnews.com,1,,
cumberlandnewsnow.com,1,,
dnn.de,1,,
news1.kr,1,,
chinavitae.com,1,,
lexpress.fr,1,,
northglennews.co.za,1,,
tellzim.com,1,,
africa-ontherise.com,1,,
bentoneveningnews.com,1,,
stardailystandard.com,1,,
farmlandgrab.org,1,,
rekordcenturion.co.za,1,,
medias24.com,1,,
cqnews.com.au,1,,
shamarrallen.com,1,,
todayvibes.com,1,,
wacotrib.com,1,,
news-journal.com,1,,
therakyatpost.com,1,,
winonadailynews.com,1,,
lechorepublicain.fr,1,,
einnews.com,1,,
pressandjournal.co.uk,1,,
znbc.co.zm,1,,
imagendeveracruz.com.mx,1,,
africanbusinessmagazine.com,1,,
thestate.com,1,,
news.in.gr,1,,
ecology.com,1,,
techmoran.com,1,,
sertv.gob.pa,1,,
diariouno.com.ar,1,,
maritzburgsun.co.za,1,,
czech.cri.cn,1,,
afrique.lepoint.fr,1,,
brinkwire.com,1,,
chinaeconomicreview.com,1,,
eveningtelegraph.co.uk,1,,
chronicledaily.com,1,,
yakimaherald.com,1,,
ifamagazine.com,1,,
telecompaper.com,1,,
ballinaadvocate.com.au,1,,
day.kyiv.ua,1,,
rwfreight.co.uk,1,,
standard.co.uk,1,,
icasnetwork.com,1,,
diarioeltiempo.com.ve,1,,
kpvi.com,1,,
abcnyheter.no,1,,
forexreportdaily.com,1,,
ebodyfit.com,1,,
bizwatchnigeria.ng,1,,
berkshireeagle.com,1,,
blick.ch,1,,
metalinfo.ru,1,,
bereamail.co.za,1,,
elitereaders.com,1,,
ssuchronicle.com,1,,
eurozpravy.cz,1,,
wsfa.com,1,,
newshour.com.bd,1,,
41nbc.com,1,,
obsev.com,1,,
petrescuereport.com,1,,
coffscoastadvocate.com.au,1,,
timesandstar.co.uk,1,,
newstribune.info,1,,
iltasanomat.fi,1,,
abs-cbn.com,1,,
godanriver.com,1,,
cronista.com,1,,
kbs.co.kr,1,,
risingsunchatsworth.co.za,1,,
nujournal.com,1,,
atlantico.fr,1,,
pv-tech.org,1,,
diariosigloxxi.com,1,,
bzbasel.ch,1,,
thecourierexpress.com,1,,
the-journal.com,1,,
ekstrabladet.dk,1,,
steemit.com,1,,
highwaymail.co.za,1,,
globaltelecomsbusiness.com,1,,
lacronica.com,1,,
wbay.com,1,,
villagesoup.com,1,,
ilghirlandaio.com,1,,
wsicweb.com,1,,
kenyastar.com,1,,
kentucky.com,1,,
insidehalton.com,1,,
thisismoney.co.uk,1,,
africasustainableconservation.com,1,,
newsroom.co.nz,1,,
vvdailypress.com,1,,
eldis.org,1,,
deccanherald.com,1,,
mizzima.com,1,,
pakistantelegraph.com,1,,
spectator.us,1,,
theweek.co.uk,1,,
reviewtimes.com,1,,
sydsvenskan.se,1,,
radins.com,1,,
estadao.com.br,1,,
kingstonregion.com,1,,
pilotonline.com,1,,
precisionresearchandconsulting.com,1,,
mediacentrezim.com,1,,
therealdeal.com,1,,
analisadaily.com,1,,
everythinglubbock.com,1,,
kabar.kg,1,,
sturgisjournal.com,1,,
thechronicle.com.au,1,,
haz.de,1,,
hometownsource.com,1,,
jerseyeveningpost.com,1,,
gokunming.com,1,,
uky.edu,1,,
midilibre.fr,1,,
aurorasentinel.com,1,,
jg-tc.com,1,,
westside-eldos.co.za,1,,
thecourier.co.uk,1,,
denbighshirefreepress.co.uk,1,,
syracuse.com,1,,
uct.ac.za,1,,
frontera.info,1,,
westerndailypress.co.uk,1,,
americanthinker.com,1,,
thisisafrica.me,1,,
secondinversion.org,1,,
eldiario.ec,1,,
1310news.com,1,,
tribunadabahia.com.br,1,,
magicvalley.com,1,,
rte.ie,1,,
spokesman.com,1,,
azattyq.org,1,,
khq.com,1,,
ria.ru,1,,
globo.com,1,,
wtsp.com,1,,
scienceworldreport.com,1,,
igberetvnews.com,1,,
fait-religieux.com,1,,
wits.ac.za,1,,
militarymodelling.com,1,,
newscentermaine.com,1,,
roodepoortrecord.co.za,1,,
590kid.com,1,,
ruralreporters.com,1,,
24-horas.mx,1,,
nouvelobs.com,1,,
sydostran.se,1,,
rtp.pt,1,,
lapresse.ca,1,,
sn.dk,1,,
cameroon-concord.com,1,,
jpnews-sy.com,1,,
fark.com,1,,
napavalleyregister.com,1,,
minuto30.com,1,,
financialpost.com,1,,
netwerk24.com,1,,
malijet.com,1,,
southcoastsun.co.za,1,,
dailypost.ng,1,,
eldiariodeguayana.com.ve,1,,
theprogressnews.com,1,,
wsau.com,1,,
nydailynews.com,1,,
reflector.com,1,,
netnoticias.mx,1,,
mississauga.com,1,,
babygaga.com,1,,
therussophile.org,1,,
wgbhnews.org,1,,
diariocolatino.com,1,,
globalengineeringnews.com,1,,
blogs.com,1,,
club.cnews.ru,1,,
isurfpaducah.com,1,,
francetvinfo.fr,1,,
