Theme,Count
TAX_ETHNICITY,1548
TAX_ETHNICITY_CHINESE,1290
TAX_WORLDLANGUAGES,1480
TAX_WORLDLANGUAGES_CHINESE,1286
MARITIME_INCIDENT,29
MARITIME,130
MANMADE_DISASTER_IMPLIED,427
ECON_WORLDCURRENCIES,175
ECON_WORLDCURRENCIES_YUAN,52
TAX_FNCACT,1936
TAX_FNCACT_WALKER,4
TAX_FNCACT_FISHERMEN,5
TAX_FNCACT_AUTHORITIES,148
CRISISLEX_CRISISLEXREC,609
EPU_POLICY,828
EPU_POLICY_AUTHORITIES,77
TAX_WORLDFISH,89
TAX_WORLDFISH_FISH,24
ECON_STOCKMARKET,106
WB_137_WATER,220
TRIAL,130
AGRICULTURE,357
ENV_FISHERY,41
EPU_ECONOMY,652
EPU_ECONOMY_HISTORIC,850
TAX_FNCACT_SPOKESWOMAN,19
WB_1156_MONITORING_AND_EVALUATION_SYSTEMS,2
WB_695_POVERTY,404
WB_706_EVIDENCE_BASED_POLICY,18
PIRACY,21
TAX_ETHNICITY_SOMALI,11
TAX_WORLDLANGUAGES_SOMALI,11
TAX_FNCACT_PIRATES,15
USPEC_POLICY1,890
WB_678_DIGITAL_GOVERNMENT,527
WB_670_ICT_SECURITY,24
WB_2372_AUTHENTICATION_AND_AUTHORIZATION,5
WB_133_INFORMATION_AND_COMMUNICATION_TECHNOLOGIES,569
WB_1921_PRIVATE_SECTOR_DEVELOPMENT,704
WB_405_BUSINESS_CLIMATE,90
WB_2531_INSPECTIONS_LICENSING_AND_PERMITS,73
WB_2530_BUSINESS_ENVIRONMENT,81
UNGP_FORESTS_RIVERS_OCEANS,802
MEDIA_SOCIAL,195
TAX_FNCACT_CRUSADER,2
WB_286_TELECOMMUNICATIONS_AND_BROADBAND_ACCESS,68
WB_2120_SATELLITES,13
WB_2329_ACCESS_AND_CONNECTIVITY,14
TAX_WORLDFISH_SARDINE,2
EPU_CATS_MIGRATION_FEAR_MIGRATION,61
MARITIME_PIRACY,20
WB_1983_HEALTHY_OCEANS,4
WB_1979_NATURAL_RESOURCE_MANAGEMENT,39
WB_435_AGRICULTURE_AND_FOOD_SECURITY,182
WB_1048_MARINE_PROTECTED_AREAS,4
RAPE,14
UNGP_CRIME_VIOLENCE,102
WB_135_TRANSPORT,473
WB_1803_TRANSPORT_INFRASTRUCTURE,306
WB_167_PORTS,131
PROTEST,127
MOVEMENT_GENERAL,66
TAX_FNCACT_ACTIVIST,15
TAX_FNCACT_SPOKESMAN,78
GENERAL_GOVERNMENT,1087
EPU_POLICY_GOVERNMENT,504
TAX_WORLDFISH_SARDINES,2
TAX_DISEASE,190
TAX_DISEASE_FEVER,5
TOURISM,192
WB_825_TOURISM,137
WB_346_COMPETITIVE_INDUSTRIES,583
WB_818_INDUSTRY_POLICY_AND_REAL_SECTORS,435
MILITARY,58
TAX_FNCACT_NAVY,45
TAX_ECON_PRICE,389
TAX_FNCACT_MAN,96
TAX_FNCACT_LAWYER,32
LEGISLATION,236
,2042
ARMEDCONFLICT,228
EPU_CATS_NATIONAL_SECURITY,107
PERSECUTION,4
DISCRIMINATION,70
UNGP_FREEDOM_FROM_DISCRIMINATION,51
TAX_AIDGROUPS,35
TAX_AIDGROUPS_AMNESTY_INTERNATIONAL,6
AFFECT,225
REFUGEES,17
TAX_FNCACT_WOMEN,91
TAX_WORLDLANGUAGES_RUSSIA,123
TAX_FNCACT_MINISTER,648
TAX_FNCACT_LEADERS,417
WB_476_GREEN_GROWTH,159
WB_471_ECONOMIC_GROWTH,505
WB_1100_SUSTAINABLE_GROWTH,158
TAX_FNCACT_MINISTERS,229
TAX_FNCACT_OFFICIALS,270
TAX_ETHNICITY_CZECH,3
TAX_WORLDLANGUAGES_CZECH,3
POVERTY,249
WB_738_SOCIAL_COHESION,42
WB_134_SOCIAL_DEVELOPMENT,119
WB_694_BROADCAST_AND_MEDIA,486
WB_1226_INDUSTRIAL_CLUSTERS_AND_VALUE_CHAINS,50
WB_699_URBAN_DEVELOPMENT,49
WB_1765_CULTURE_HERITAGE_AND_SUSTAINABLE_TOURISM,10
TAX_FNCACT_DRIVER,49
WB_2670_JOBS,614
WB_1467_EDUCATION_FOR_ALL,420
WB_470_EDUCATION,601
WB_2131_EMPLOYABILITY_SKILLS_AND_JOBS,413
WB_1484_EDUCATION_SKILLS_DEVELOPMENT_AND_LABOR_MARKET,414
WB_421_SOCIAL_INCLUSION,18
SCIENCE,192
SOC_INNOVATION,136
TAX_FNCACT_CHAIRPERSON,86
TAX_FNCACT_TOURISTS,102
TAX_WORLDLANGUAGES_MANDARIN,54
TAX_FNCACT_TOURIST,40
TAX_DISEASE_CANCER,13
WB_1406_DISEASES,104
WB_1431_CANCER,13
WB_621_HEALTH_NUTRITION_AND_POPULATION,272
WB_1427_NON_COMMUNICABLE_DISEASE_AND_INJURY,44
GEN_HOLIDAY,38
IMMIGRATION,50
WB_2769_JOBS_STRATEGIES,267
WB_2837_IMMIGRATION,43
WB_2836_MIGRATION_POLICIES_AND_JOBS,132
WB_2937_SILVER,12
WB_507_ENERGY_AND_EXTRACTIVES,232
WB_895_MINING_SYSTEMS,87
WB_1699_METAL_ORE_MINING,63
ECON_CURRENCY_EXCHANGE_RATE,32
EPU_CATS_SOVEREIGN_DEBT_CURRENCY_CRISES,8
ECON_ENTREPRENEURSHIP,116
ARREST,248
SOC_GENERALCRIME,213
CRISISLEX_C07_SAFETY,475
TAX_FNCACT_MAGISTRATE,54
EPU_CATS_MIGRATION_FEAR_FEAR,154
ORGANIZED_CRIME,28
WB_2453_ORGANIZED_CRIME,86
WB_2433_CONFLICT_AND_VIOLENCE,329
WB_2432_FRAGILITY_CONFLICT_AND_VIOLENCE,550
TAX_MILITARY_TITLE,132
TAX_MILITARY_TITLE_OFFICERS,21
TAX_FNCACT_OFFICERS,23
TAX_FNCACT_CAPTAINS,7
TAX_MILITARY_TITLE_OFFICER,64
TAX_FNCACT_OFFICER,73
DELAY,106
WB_2024_ANTI_CORRUPTION_AUTHORITIES,148
WB_696_PUBLIC_SECTOR_MANAGEMENT,732
WB_840_JUSTICE,417
WB_2025_INVESTIGATION,114
WB_831_GOVERNANCE,348
WB_832_ANTI_CORRUPTION,185
WB_1014_CRIMINAL_JUSTICE,200
DISCRIMINATION_IMMIGRATION,35
DISCRIMINATION_IMMIGRATION_XENOPHOBIA,19
CRISISLEX_O01_WEATHER,20
TAX_FNCACT_CITIZENS,141
NEGOTIATIONS,96
WB_2473_DIPLOMACY_AND_NEGOTIATIONS,99
WB_939_NEGOTIATION,69
WB_2470_PEACE_OPERATIONS_AND_CONFLICT_MANAGEMENT,239
WB_936_ALTERNATIVE_DISPUTE_RESOLUTION,71
WB_843_DISPUTE_RESOLUTION,71
WB_2471_PEACEKEEPING,121
SOC_POINTSOFINTEREST,522
SOC_POINTSOFINTEREST_JAILS,5
EPU_POLICY_LAW,118
ENV_POACHING,69
SOC_POINTSOFINTEREST_JAIL,27
CRISISLEX_T04_INFRASTRUCTURE,124
WB_2048_COMPENSATION_CAREERS_AND_INCENTIVES,91
WB_723_PUBLIC_ADMINISTRATION,180
WB_724_HUMAN_RESOURCES_FOR_PUBLIC_SECTOR,95
TAX_FNCACT_LEADER,225
MEDIA_MSM,413
DISCRIMINATION_RACE,23
DISCRIMINATION_RACE_RACISM,14
CORRUPTION,165
ELECTION,89
DEMOCRACY,155
UNGP_POLITICAL_FREEDOMS,53
USPEC_UNCERTAINTY1,139
VIOLENT_UNREST,13
TAX_FNCACT_STUDENTS,101
EPU_POLICY_POLITICAL,278
TAX_FNCACT_WORKERS,102
TAX_WORLDINSECTS,7
TAX_WORLDINSECTS_BEE,6
APPOINTMENT,122
TAX_FOODSTAPLES,51
TAX_FOODSTAPLES_BREAD,8
CRISISLEX_T11_UPDATESSYMPATHY,249
TAX_FNCACT_SERVANT,8
TAX_WORLDMAMMALS,320
TAX_WORLDMAMMALS_SHEEP,4
TAX_WORLDMAMMALS_GOATS,1
KILL,194
CRISISLEX_T02_INJURED,63
CRISISLEX_T03_DEAD,128
TAX_FOODSTAPLES_WHEAT,3
TAX_FNCACT_FATHER,65
TAX_RELIGION,64
TAX_RELIGION_JEWS,2
TAX_FNCACT_FATHERS,7
WB_1458_HEALTH_PROMOTION_AND_DISEASE_PREVENTION,55
WB_1462_WATER_SANITATION_AND_HYGIENE,27
WB_635_PUBLIC_HEALTH,128
USPEC_POLITICS_GENERAL1,1092
EPU_POLICY_LEGISLATION,31
TAX_ETHNICITY_INDIAN,121
TAX_WORLDFISH_TUNA,2
TAX_ETHNICITY_ASIAN,98
WB_862_GROWTH_POLES_AND_ECONOMIC_ZONES,187
TAX_FNCACT_SKIPPERS,2
SURVEILLANCE,20
UNREST_BELLIGERENT,84
LEADER,1133
TAX_FNCACT_PRESIDENT,975
WB_1281_MANUFACTURING,330
ENV_OIL,93
WB_1160_SHOCKS_AND_VULNERABILITY,34
TAX_FNCACT_STAFF_MEMBER,2
TAX_WORLDMAMMALS_DOGS,4
TAX_FNCACT_CREW_MEMBERS,2
TAX_FNCACT_VETERINARIAN,2
SOC_QUARANTINE,9
GENERAL_HEALTH,293
MEDICAL,274
WB_566_ENVIRONMENT_AND_NATURAL_RESOURCES,70
WB_590_ECOSYSTEMS,37
TAX_FNCACT_OFFICIAL,267
TAX_FNCACT_SECRETARY,53
TAX_FNCACT_SECRETARY_GENERAL,8
WB_698_TRADE,877
ENV_SPECIESENDANGERED,26
TAX_WORLDMAMMALS_HUMAN,236
TAX_FNCACT_CRIMINAL,97
TAX_FNCACT_CRIMINALS,19
ECON_DEVELOPMENTORGS,126
ECON_DEVELOPMENTORGS_UNITED_NATIONS_ENVIRONMENT_PROGRAMME,1
WB_1973_FINANCIAL_RISK_REDUCTION,22
WB_337_INSURANCE,22
WB_1967_AGRICULTURAL_RISK_AND_SECURITY,69
TAX_FNCACT_KING,23
TAX_ETHNICITY_JAPANESE,15
TAX_WORLDLANGUAGES_JAPANESE,15
TAX_WORLDMAMMALS_BEAR,14
ECON_TAXATION,82
EPU_POLICY_TAX,67
EPU_CATS_TAXES,73
ENV_GREEN,46
WB_525_RENEWABLE_ENERGY,62
TAX_FNCACT_PRODUCER,52
WB_2745_JOB_QUALITY_AND_LABOR_MARKET_PERFORMANCE,199
WB_2689_JOBS_DIAGNOSTICS,216
WB_2748_EMPLOYMENT,100
TAX_WORLDLANGUAGES_CHANA,1
ENV_FORESTRY,8
WB_436_FORESTRY,8
TAX_FOODSTAPLES_MEAT,20
WB_652_ICT_APPLICATIONS,53
WB_658_ENTERPRISE_APPLICATIONS,53
TAX_FNCACT_CHIEF,171
TAX_WORLDLANGUAGES_NORWEGIAN,3
HEALTH_VACCINATION,4
UNGP_HEALTHCARE,30
TAX_FNCACT_DEALER,10
TAX_FNCACT_DEPUTY,311
TAX_FNCACT_EDITOR,115
TAX_FNCACT_MANUFACTURER,54
BAN,78
CRIME_ILLEGAL_DRUGS,20
TAX_FNCACT_REPRESENTATIVES,131
WB_1331_HEALTH_TECHNOLOGIES,106
WB_1350_PHARMACEUTICALS,95
WB_2456_DRUGS_AND_NARCOTICS,49
SECURITY_SERVICES,229
TAX_FNCACT_POLICE,175
TAX_FNCACT_MOVERS,6
TAX_RELIGION_SHAKERS,6
EPU_POLICY_POLICY,241
EPU_CATS_HEALTHCARE,22
EDUCATION,527
SOC_POINTSOFINTEREST_UNIVERSITY,185
SELF_IDENTIFIED_HUMAN_RIGHTS,78
WB_2203_HUMAN_RIGHTS,86
CRISISLEX_C03_WELLBEING_HEALTH,144
TAX_FNCACT_CHILDREN,114
TAX_FNCACT_BOSS,13
RURAL,81
TAX_FNCACT_FARMERS,37
WB_662_SOCIAL_MEDIA,47
TAX_FNCACT_NOBLE,13
TAX_ETHNICITY_BLACK,137
BLACK_MARKET,10
TAX_FNCACT_POLITICIANS,23
CONSTITUTIONAL,76
TAX_FNCACT_PATRIARCHS,6
EPU_POLICY_REFORM,113
ECON_DEVELOPMENTORGS_WORLD_HEALTH_ORGANISATION,8
TAX_DISEASE_SUBSTANCE_ABUSE,4
WB_1437_SOCIAL_DETERMINANTS_FOR_HEALTH,5
WB_1438_ALCOHOL_AND_SUBSTANCE_ABUSE,5
MEDIA_CENSORSHIP,123
SLFID_MINERAL_RESOURCES,26
TAX_FNCACT_SERVANTS,11
TAX_FNCACT_CIVIL_SERVANTS,4
WB_2091_SENIOR_CIVIL_SERVANTS,1
TAX_FNCACT_FINANCE_MINISTER,67
RESIGNATION,27
TAX_FNCACT_DIRECTOR,219
TAX_FNCACT_CHAIRMAN,81
TAX_FNCACT_EXECUTIVE,221
TAX_FNCACT_EXECUTIVE_DIRECTOR,40
DRUG_TRADE,15
ECON_WORLDCURRENCIES_DOLLAR,41
TAX_FNCACT_BUSINESS_LEADERS,36
WB_1675_GRADUATION,3
WB_855_LABOR_MARKETS,104
WB_1673_PASSIVE_LABOR_MARKETS_POLICIES,7
WB_697_SOCIAL_PROTECTION_AND_LABOR,164
TAX_FNCACT_EXECUTIVES,63
TAX_FNCACT_MANAGERS,23
WB_177_ANIMAL_PRODUCTION,12
WB_1949_CLIMATE_SMART_AGRICULTURE,38
TAX_FNCACT_DIPLOMATS,35
TAX_FNCACT_GOVERNMENT_MINISTERS,21
TAX_FNCACT_AMBASSADORS,41
TAX_ETHNICITY_TAIWANESE,7
TAX_FNCACT_AMBASSADOR,166
TAX_FNCACT_CEO,92
ALLIANCE,84
TAX_FNCACT_MANAGER,63
TAX_FNCACT_ENTREPRENEUR,7
TAX_FNCACT_DISTRIBUTOR,5
ENV_MINING,148
TAX_FNCACT_SPECIALIST,16
TAX_FNCACT_MANAGING_DIRECTOR,24
TAX_FNCACT_TECHNICIANS,17
TAX_WORLDMAMMALS_BEARS,7
TECH_AUTOMATION,3
WB_2840_INTEGRATION,88
WB_2299_PIPELINES,36
WB_539_OIL_AND_GAS_POLICY_STRATEGY_AND_INSTITUTIONS,60
WB_548_PPP_IN_OIL_AND_GAS,50
CRISISLEX_C06_WATER_SANITATION,77
WB_1920_FINANCIAL_SECTOR_DEVELOPMENT,100
WB_328_FINANCIAL_INTEGRITY,37
WB_2082_LAW_ENFORCEMENT,21
TAX_DISEASE_SARS,20
CONFISCATION,46
TAX_FNCACT_PRIME_MINISTER,48
PUBLIC_TRANSPORT,107
PEACEKEEPING,38
TAX_FNCACT_PEACEKEEPERS,19
TAX_FNCACT_FOREIGN_MINISTER,85
TAX_FNCACT_FOREIGN_MINISTERS,5
VETO,9
WB_845_LEGAL_AND_REGULATORY_FRAMEWORK,66
WB_1024_PUBLIC_INTERNATIONAL_LAW,9
WB_1026_TREATIES,7
WB_962_INTERNATIONAL_LAW,34
MIL_WEAPONS_PROLIFERATION,5
WMD,7
NATURAL_DISASTER,73
NATURAL_DISASTER_EROSION,6
ENV_NUCLEARPOWER,25
WB_508_POWER_SYSTEMS,57
WB_509_NUCLEAR_ENERGY,39
SOC_EXCEPTIONALISM,2
TAX_FNCACT_CHIEF_EXECUTIVE,102
UNGP_PHONE_INTERNET_ACCESS_COST,5
TERROR,110
INTERNET_BLACKOUT,1
WB_2507_HUMAN_RIGHTS_ABUSES_AND_VIOLATIONS,22
TAX_AIDGROUPS_UNITED_NATIONS_HUMAN_RIGHTS_COUNCIL,1
FREESPEECH,11
TAX_FNCACT_CITIZEN,18
SLFID_ECONOMIC_DEVELOPMENT,160
TAX_WORLDLANGUAGES_AFRIKAANS,7
SOC_POINTSOFINTEREST_SCHOOLS,71
TRANSPARENCY,36
RETIREMENT,12
WB_336_NON_BANK_FINANCIAL_INSTITUTIONS,5
WB_332_CAPITAL_MARKETS,12
WB_611_PENSION_FUNDS,4
TAX_FNCACT_DRIVERS,28
TAX_FNCACT_PROFESSOR,49
INTERNET_CENSORSHIP,10
TAX_FNCACT_PRACTITIONERS,20
TAX_FNCACT_GUARD,67
TAX_FNCACT_SPOKESPERSON,162
TAX_FNCACT_ANALYSTS,18
TAX_ETHNICITY_ZIMBABWEAN,53
ECON_FREETRADE,47
TAX_FNCACT_CONSULTANT,13
CRISISLEX_T06_SUPPLIES,58
TAX_ETHNICITY_ZIMBABWEANS,8
TAX_FNCACT_ECONOMIST,36
WB_1135_CURRENT_ACCOUNT,4
WB_1104_MACROECONOMIC_VULNERABILITY_AND_DEBT,152
WB_441_BALANCE_OF_PAYMENTS,25
SHORTAGE,51
EPU_POLICY_REGULATION,26
EPU_CATS_REGULATION,47
SMUGGLING,40
TAX_FNCACT_SHEPHERD,1
SLFID_CAPACITY_BUILDING,51
WB_769_INVESTMENT_POLICY,49
CRISISLEX_C04_LOGISTICS_TRANSPORT,172
TAX_WORLDLANGUAGES_BRUNEI,2
TAX_FNCACT_SCHOLARS,16
SLFID_NATURAL_RESOURCES,57
WB_1078_DETERMINANTS_OF_GROWTH,182
WB_1079_COMMODITIES_AND_RESOURCES,88
UNGP_JOB_OPPORTUNITIES_EMPLOYMENT,146
EPU_POLICY_BUDGET,71
TAX_FNCACT_PILOT,26
ENV_NATURALGAS,9
TAX_WORLDLANGUAGES_ARUSHA,1
WB_510_POWER_TRANSMISSION,2
TAX_FOODSTAPLES_CASSAVA,1
TAX_FNCACT_SCHOLAR,5
WB_775_TRADE_POLICY_AND_INTEGRATION,83
WB_776_TRADE_POLICY,33
WB_2575_TRADE_POLICY_AND_INVESTMENT_AGREEMENTS,66
ECON_TRADE_DISPUTE,67
TAX_FNCACT_COMMISSIONER,29
ECON_SUBSIDIES,14
WB_1948_SUBSIDIES,16
ENV_COAL,72
WB_1202_INDUSTRIAL_ZONES,91
BORDER,50
TAX_FNCACT_CHIEF_EXECUTIVES,3
TAX_POLITICAL_PARTY,106
TAX_POLITICAL_PARTY_FREEDOM_FRONT,6
TAX_POLITICAL_PARTY_FREEDOM_FRONT_PLUS,6
SOC_ECONCOOP,66
TAX_DISEASE_EBOLA,36
WB_1415_COMMUNICABLE_DISEASE,45
WB_2663_EBOLA,36
TAX_DISEASE_OUTBREAK,22
WB_2165_HEALTH_EMERGENCIES,38
WB_2166_HEALTH_EMERGENCY_PREPAREDNESS_AND_DISASTER_RESPONSE,34
WB_2167_PANDEMICS,34
WB_938_MEDIATION,2
TAX_DISEASE_DISEASE,23
WB_693_POSTAL_SERVICES,16
TAX_FNCACT_PRESIDENTS,57
TAX_ETHNICITY_MIAO,6
DISABILITY,14
WB_1464_HEALTH_OF_THE_DISABLED,11
LITERACY,12
UNGP_EDUCATION,35
WB_2465_REVOLUTIONARY_VIOLENCE,95
WB_2462_POLITICAL_VIOLENCE_AND_WAR,171
WB_2416_INTERNET_OF_THINGS,8
WB_2399_ICT_INNOVATION_AND_TRANSFORMATION,8
WB_482_TERTIARY_EDUCATION,49
WB_478_LEVELS_OF_EDUCATION,104
WB_2815_SKILLS_AND_EDUCATION,11
WB_2824_INTERNSHIP,5
WB_2132_APPRENTICESHIP,5
WB_2823_ON_THE_JOB_TRAINING,5
TAX_FNCACT_PRINCIPAL,14
TAX_FNCACT_WORKER,30
WB_166_RAILWAYS,83
NEW_CONSTRUCTION,13
TAX_FNCACT_MERCHANT,3
WB_549_OIL_AND_GAS_SYSTEMS,6
WB_1768_OIL_AND_GAS_PIPELINE,3
ECON_DEVELOPMENTORGS_AFRICAN_DEVELOPMENT_BANK,8
URBAN,47
IDEOLOGY,158
TAX_FNCACT_CHOREOGRAPHER,3
TAX_WORLDLANGUAGES_LUANDA,6
TAX_FNCACT_ANAESTHETIST,3
TAX_FNCACT_OPERATOR,28
WB_2943_SWITCHES,4
WB_667_ICT_INFRASTRUCTURE,16
WB_672_NETWORK_MANAGEMENT,5
TAX_FNCACT_ARTISTS,16
NATURAL_DISASTER_ICE,5
GOV_LOCALGOV,26
ECON_ELECTRICALGENERATION,35
SLFID_ECONOMIC_DEVELOPMENTAID,86
WB_942_ACCESS_TO_JUSTICE,11
JUSTICE,13
MOVEMENT_ENVIRONMENTAL,5
TRAFFIC,35
TAX_ETHNICITY_VIETNAMESE,2
TAX_WORLDLANGUAGES_VIETNAMESE,2
TAX_FNCACT_SMUGGLER,10
WB_1174_WAREHOUSING_AND_STORAGE,49
WB_793_TRANSPORT_AND_LOGISTICS_SERVICES,50
WB_1015_TRADE_REGULATION,1
WB_2563_TRADE_AND_FDI_PROMOTION_INFRASTRUCTURE,1
WB_1428_INJURY,9
WB_2576_REGIONAL_INTEGRATION,43
WB_2578_CUSTOMS_UNIONS,7
TAX_FNCACT_FINANCE_MINISTERS,2
TAX_FNCACT_CONTRACTOR,6
TAX_FNCACT_COORDINATOR,15
RELATIONS,91
TAX_RELIGION_ISLAMIC,13
TAX_TERROR_GROUP,116
TAX_TERROR_GROUP_ISLAMIC_COMMUNITY,3
RELIGION,42
WB_2142_LOCAL_GOVERNMENT,25
WB_1502_EDUCATIONAL_DECENTRALIZATION,27
WB_1497_EDUCATION_MANAGEMENT_AND_ADMINISTRATION,36
TAX_RELIGION_MUSLIM,8
TAX_ETHNICITY_MUSLIM,8
NATURAL_DISASTER_COLD_SNAP,2
TAX_FNCACT_COORDINATORS,20
EPU_POLICY_REGULATORY,18
TAX_FNCACT_INVESTOR,85
WB_1016_SPECIAL_ECONOMIC_ZONES,142
TAX_ETHNICITY_ARAB,35
TAX_ETHNICITY_POLE,6
ECON_WORLDCURRENCIES_DOLLARS,65
ECON_WORLDCURRENCIES_US_DOLLARS,51
TAX_FNCACT_GOVERNOR,27
TAX_ETHNICITY_ALGERIAN,6
TAX_WORLDLANGUAGES_ALGERIAN,6
TAX_FNCACT_PIONEER,3
EPU_CATS_TRADE_POLICY,41
WB_713_PUBLIC_FINANCE,57
WB_1045_TREASURY,45
ENV_SOLAR,31
TAX_WORLDLANGUAGES_BEKOE,2
WB_2847_INDUSTRIAL_POLICIES,35
WB_1070_ECONOMIC_GROWTH_POLICY,60
WB_1075_INDUSTRY_POLICY,33
SOC_POINTSOFINTEREST_COLLEGES,22
WB_2552_INVESTMENT_PROMOTION,46
WB_151_IRRIGATION_AND_DRAINAGE,22
WB_140_AGRICULTURAL_WATER_MANAGEMENT,22
WATER_SECURITY,68
WB_1199_WATER_SUPPLY_AND_SANITATION,63
WB_138_WATER_SUPPLY,22
FOOD_SECURITY,57
NATURAL_DISASTER_DROUGHT,24
TAX_FNCACT_PRIME_MINISTERS,8
ECON_BUDGET_DEFICIT,18
TAX_FNCACT_ORGANIZERS,5
TAX_FNCACT_ARCHITECT,5
TAX_DISEASE_EBOLA_VIRUS_DISEASE,4
TAX_DISEASE_PLAGUE,4
TAX_FNCACT_ENVOYS,6
TAX_FNCACT_LAWMAKERS,9
EPU_POLICY_LAWMAKERS,3
TAX_FNCACT_SPEAKER,28
ECON_WORLDCURRENCIES_YUANS,1
SOC_POINTSOFINTEREST_HOSPITAL,65
UNREST_CRACKDOWN,6
SEIZE,33
SOC_POINTSOFINTEREST_HEADQUARTERS,60
TAX_WORLDFISH_POACHERS,22
TAX_FNCACT_FOUNDER,70
WB_168_ROADS_AND_HIGHWAYS,16
WB_785_URBAN_ROADS,2
SOC_POINTSOFINTEREST_AIRPORT,102
WB_1804_AIRPORTS,103
GOV_INTERGOVERNMENTAL,18
TAKE_OFFICE,11
WB_1150_VOLATILITY,21
EPU_UNCERTAINTY,40
TAX_WORLDMAMMALS_LION,15
TAX_FNCACT_EXCAVATORS,2
TAX_FOODSTAPLES_MILK,5
WB_528_SOLAR_ENERGY,12
CLOSURE,24
WB_1986_MOUNTAINS,28
TAX_FNCACT_BUSINESSMAN,25
TAX_FNCACT_DETECTIVES,8
TAX_FNCACT_BUSINESSMEN,14
TAX_FNCACT_VICTIM,34
TAX_FNCACT_INSPECTOR,7
TAX_MILITARY_TITLE_CHIEF_INSPECTOR,4
TAX_FNCACT_CHIEF_INSPECTOR,4
CRIME_COMMON_ROBBERY,17
TAX_DISEASE_MENTALLY_ILL,1
TAX_WEAPONS,71
TAX_WEAPONS_MACHETE,1
TAX_WEAPONS_PISTOL,1
DISASTER_FIRE,6
CRISISLEX_T01_CAUTION_ADVICE,78
WB_1606_SCHOLARSHIPS,54
WB_1608_CASH_TRANSFERS,54
WB_1466_SOCIAL_ASSISTANCE,60
WB_1603_FEE_WAIVERS,54
TAX_FNCACT_WOMAN,46
WB_701_JOBS_AND_POVERTY,118
WB_1170_JOB_CREATION_AND_JOB_OPPORTUNITIES,115
WB_1801_ROAD_TRANSPORT,4
WB_164_MODES_OF_TRANSPORT,56
WB_2577_FREE_TRADE_AREAS,18
ECON_DEBT,101
WB_450_DEBT,112
WB_452_DEBT_RELIEF,17
TAX_FNCACT_HEAD_OF_STATE,35
TAX_ETHNICITY_ERITREAN,3
TAX_FNCACT_ECONOMISTS,23
NATURAL_DISASTER_TSUNAMI,1
PRIVATIZATION,14
WB_728_PUBLIC_SERVICE_DELIVERY,73
WB_1283_PRIVATIZATION,17
WB_721_STATE_OWNED_ENTERPRISES,68
TAX_ETHNICITY_SCANDINAVIANS,1
TAX_ETHNICITY_DUTCH,7
TAX_WORLDLANGUAGES_DUTCH,7
TAX_ETHNICITY_EAST_INDIAN,1
TAX_ETHNICITY_MALI,25
WB_2936_GOLD,30
TAX_ETHNICITY_PORTUGUESE,5
TAX_WORLDLANGUAGES_PORTUGUESE,5
TAX_ETHNICITY_EUROPEANS,6
TAX_FNCACT_TRADERS,8
TAX_FNCACT_AGENTS,24
TREASON,4
TAX_FNCACT_TAX_COLLECTOR,3
ECON_MONOPOLY,11
UNEMPLOYMENT,125
WB_2747_UNEMPLOYMENT,110
ECON_NATIONALIZE,1
WB_290_TELECOMMUNICATIONS_ORGANIZATIONAL_DESIGN,6
WB_288_TELECOMMUNICATIONS_SECTOR_POLICY_AND_REGULATION,6
TAX_ETHNICITY_SOTHO,3
TAX_WORLDLANGUAGES_SOTHO,3
TAX_FNCACT_CLERIC,1
TAX_ETHNICITY_SWAHILI,1
TAX_WORLDLANGUAGES_SWAHILI,1
TAX_FNCACT_PROPHET,1
TAX_FNCACT_MESSENGER,3
WB_1777_FORESTS,22
TAX_ETHNICITY_BANTU,4
TAX_FNCACT_CONSUL,8
WB_1228_ICT_VALUE_CHAIN,10
TAX_FNCACT_SELFEMPLOYED,2
WB_2895_EMPLOYMENT_RATE,3
WB_2760_EMPLOYMENT_TOOLS_AND_METHODS,3
ECON_REMITTANCE,3
WB_780_TRADE_IN_SERVICES,9
WB_783_TEMPORARY_MOVEMENT_OF_LABOR,3
ECON_DEVELOPMENTORGS_WORLD_BANK,48
SOC_POINTSOFINTEREST_SCHOOL,100
WB_480_PRIMARY_EDUCATION,17
TAX_FNCACT_RESEARCHER,25
TAX_FNCACT_SPY,6
TAX_FNCACT_SUPERVISOR,1
TAX_FNCACT_ENGINEER,4
WB_2019_ANTI_CORRUPTION_LEGISLATION,33
WB_2020_BRIBERY_FRAUD_AND_COLLUSION,33
SOC_POINTSOFINTEREST_PRISON,27
WB_2495_DETENTION_PRISON_AND_CORRECTIONS_REFORM,78
WB_2490_NATIONAL_PROTECTION_AND_SECURITY,119
TAX_FNCACT_COLONEL,4
TAX_FNCACT_VICTIMS,35
CRISISLEX_T08_MISSINGFOUNDTRAPPEDPEOPLE,87
ROAD_INCIDENT,2
MANMADE_DISASTER,11
MANMADE_DISASTER_CAR_CRASH,2
SOC_TRAFFICACCIDENT,2
TAX_DISEASE_BREAST_CANCER,1
TAX_FNCACT_BUILDER,6
TAX_FNCACT_POLICE_OFFICER,9
TAX_FNCACT_POLICEMAN,1
TAX_FNCACT_ENGINEERS,17
AVIATION_INCIDENT,2
MANMADE_DISASTER_ENGINE_FAILURE,1
TAX_FNCACT_SHERIFF,1
SANITATION,53
WB_139_SANITATION_AND_WASTEWATER,42
WB_2000_SANITATION,38
TAX_WEAPONS_RUBBER_BULLETS,8
TAX_WEAPONS_STUN_GRENADES,6
TAX_MILITARY_TITLE_CAPTAIN,19
TAX_FNCACT_CAPTAIN,23
TAX_FNCACT_STAFF_MEMBERS,7
TAX_FNCACT_CHANCELLOR,12
TAX_FNCACT_VICE_CHANCELLOR,10
TAX_FNCACT_STUDENT,80
SOC_POINTSOFINTEREST_UNIVERSITIES,42
TAX_ETHNICITY_ENGLISH,55
TAX_WORLDLANGUAGES_ENGLISH,55
DISCRIMINATION_IMMIGRATION_XENOPHOBIC,22
TAX_ETHNICITY_SUDANESE,18
TAX_FNCACT_CABINET_MINISTERS,19
TAX_FNCACT_COMMISSIONERS,4
TAX_FNCACT_HIGH_COMMISSIONERS,4
SELF_IDENTIFIED_ATROCITY,25
WB_2509_GENOCIDE,10
WB_2513_CRIMES_AGAINST_HUMANITY,9
TAX_FNCACT_JUDGE,27
WB_2510_WAR_CRIMES,9
TAX_WORLDLANGUAGES_CHENG,8
TAX_WORLDLANGUAGES_LIANG,9
TAX_FNCACT_CHILD,44
SOC_CHRONICDISEASE,10
SOC_EXPRESSREGRET,9
HUMAN_TRAFFICKING,9
WB_2458_HUMAN_TRAFFICKING,9
WB_170_AGRICULTURAL_POLICIES,21
WB_1084_TECHNOLOGY_TRANSFER_AND_DIFFUSION,29
WB_199_FOOD_SECURITY,46
WB_1950_AGRICULTURE_TECHNOLOGY,15
PROPERTY_RIGHTS,22
WB_1907_PERSONAL_PROPERTY_RIGHTS,13
WB_1039_PROPERTY_LAWS_AND_REGULATIONS,16
TAX_FNCACT_BUSINESS_LEADER,3
WB_1121_TAXATION,9
WB_439_MACROECONOMIC_AND_STRUCTURAL_POLICIES,67
WB_445_FISCAL_POLICY,18
ECON_ELECTRICALGRID,8
WB_2601_TRADE_LINKAGES_SPILLOVERS_AND_CONNECTIVITY,15
WB_772_TRADE_FACILITATION_AND_LOGISTICS,47
WB_866_CONNECTIVITY_AND_LAGGING_REGIONS,14
WB_797_NATIONAL_URBAN_POLICIES,15
SOC_POINTSOFINTEREST_HOSPITALS,23
WB_2667_RURAL_DEVELOPMENT,8
WB_888_LAND_TENURE,10
WB_891_LAND_REFORM,10
ENV_METALS,27
WB_2934_COPPER,8
WB_2933_ZINC,3
TAX_FNCACT_GOLDSMITH,1
TAX_FNCACT_EXECUTIVE_OFFICER,14
TAX_FNCACT_CHIEF_EXECUTIVE_OFFICER,14
TAX_WORLDLANGUAGES_SANTOS,2
TAX_FNCACT_ADVISERS,3
TAX_WORLDLANGUAGES_AMONG,10
TAX_WORLDFISH_TOP,5
ACT_MAKESTATEMENT,36
WB_1136_TRADE_BALANCE,13
WB_1800_RAIL_TRANSPORT,3
TAX_FNCACT_USHER,73
TAX_TERROR_GROUP_SOUTH_AFRICAN_NATIONAL_DEFENCE_FORCE,37
CRISISLEX_O02_RESPONSEAGENCIESATCRISIS,104
TAX_FNCACT_VETERAN,26
EXILE,26
TAX_FNCACT_SURGEON,16
CRISISLEX_C08_TELECOM,26
TAX_FNCACT_DOCTOR,21
PROPAGANDA,48
CRISISLEX_C05_NEED_OF_SHELTERS,38
CRISISLEX_T07_SERVICESNEEDEDOFFERED,27
SELF_IDENTIFIED_HUMANITARIAN_CRISIS,9
TAX_FNCACT_REPORTER,66
TAX_FNCACT_INTERPRETER,6
WB_1927_STRATEGIC_POLICY_PLANNING,16
WB_841_JUSTICE_SYSTEM_ADMINISTRATION,124
TAX_FNCACT_HONOR_GUARD,10
WB_165_AIR_TRANSPORT,44
ENV_CLIMATECHANGE,111
WB_567_CLIMATE_CHANGE,110
TAX_FNCACT_BUYER,17
TAX_ETHNICITY_GERMAN,20
TAX_WORLDLANGUAGES_GERMAN,20
TAX_FNCACT_MAYOR,36
WB_856_WAGES,40
WB_1654_ACTIVE_LABOR_MARKET_POLICIES,44
TAX_ETHNICITY_KOREAN,10
TAX_WORLDLANGUAGES_KOREAN,10
WB_1227_AUTOMOTIVE_VALUE_CHAIN,2
WB_387_VOCATIONAL_AND_TECHNICAL_TRAINING,43
WB_376_INNOVATION_TECHNOLOGY_AND_ENTREPRENEURSHIP,52
WB_385_HUMAN_CAPITAL_FOR_INNOVATION_AND_ENTREPRENEURSHIP,43
ECON_UNIONS,45
WB_1668_LABOR_STANDARDS,33
WB_1670_TRADE_UNIONS,29
TAX_FNCACT_METALWORKERS,4
TAX_FNCACT_ARTISAN,2
TAX_FNCACT_WRITER,31
SOC_SLAVERY,12
WB_2511_SLAVERY,3
WB_2519_RESPONSES_TO_HUMAN_RIGHTS_ABUSES,8
WB_2520_REPARATIONS,2
WB_1153_MIDDLE_CLASS,19
WB_1152_ECONOMIC_AND_SOCIAL_MOBILITY,19
WB_707_POVERTY_MEASUREMENT_AND_ANALYSIS,19
TAX_ETHNICITY_AMERICANS,7
ECON_CENTRALBANK,24
WB_1235_CENTRAL_BANKS,24
WB_318_FINANCIAL_ARCHITECTURE_AND_BANKING,54
WB_1234_BANKING_INSTITUTIONS,53
TAX_ETHNICITY_INDIGENOUS,17
ETH_INDIGINOUS,17
WB_2960_INDIGENOUS_PEOPLES,4
WB_899_SOCIAL_SAFEGUARDS,4
WB_749_INDIGENOUS_PEOPLES,4
WB_933_ETHNIC_RELIGIOUS_AND_OTHER_MINORITIES,7
ENV_HYDRO,21
SOC_POINTSOFINTEREST_GOVERNMENT_BUILDING,3
TAX_AIDGROUPS_SOUTHERN_AFRICAN_DEVELOPMENT_COMMUNITY,12
WB_1081_FINANCE_AND_GROWTH,70
WB_863_FDI_SPILLOVERS,70
TAX_FNCACT_PUBLIC_SERVANT,5
TAX_TERROR_GROUP_LIBERATION_ARMY,16
TAX_MILITARY_TITLE_COMMANDER,15
TAX_FNCACT_COMMANDER,15
TAX_MILITARY_TITLE_ADMIRAL,18
TAX_FNCACT_ADMIRAL,18
TAX_FNCACT_ESCORT,16
TAX_WEAPONS_DESTROYER,14
TAX_FNCACT_SAILORS,19
TAX_MILITARY_TITLE_REAR_ADMIRAL,16
TAX_FNCACT_REAR_ADMIRAL,16
TAX_WEAPONS_SUBMARINE,16
TAX_WEAPONS_WARSHIPS,16
TAX_FNCACT_DEVELOPER,32
TAX_FNCACT_ARCHITECTS,5
TAX_FNCACT_ASSOCIATE_DIRECTOR,4
ECON_HOUSING_PRICES,19
WB_904_HOUSING_MARKETS,4
WB_817_LAND_AND_HOUSING,4
WB_813_URBAN_GOVERNANCE_AND_CITY_SYSTEMS,14
TAX_WORLDCRUSTACEANS,5
TAX_WORLDCRUSTACEANS_PRAWN,5
EPU_POLICY_SPENDING,43
ECON_INFORMAL_ECONOMY,4
TAX_WEAPONS_MORTAR,4
TAX_FNCACT_VICE_PRESIDENT,41
POLITICAL_TURMOIL,5
TAX_FNCACT_JUDGES,15
RATIFY,26
TAX_FNCACT_ENVOY,22
TAX_FNCACT_ATTORNEY,9
TAX_FNCACT_TROOPS,13
TAX_MILITARY_TITLE_SOLDIERS,6
TAX_FNCACT_SOLDIERS,6
INFO_RUMOR,15
TAX_FNCACT_APPOINTEES,2
TAX_FNCACT_CHAIRPERSONS,6
TAX_FNCACT_COMMISSAR,3
TAX_FNCACT_LADY,33
ECON_EMERGINGECON,160
ECON_OILPRICE,41
TAX_DISEASE_HIV,22
TAX_DISEASE_HIV_AIDS,15
TAX_WORLDLANGUAGES_THAMI,2
TAX_FNCACT_REVEREND,2
TAX_FNCACT_COMMUNIST,58
TAX_POLITICAL_PARTY_COMMUNIST_PARTY,53
TAX_WORLDLANGUAGES_ISIZULU,2
TAX_FNCACT_ACTIVISTS,7
TAX_RELIGION_CHURCHES,6
NATURAL_DISASTER_NATURAL_DISASTERS,5
TAX_FNCACT_ARCHBISHOP,9
TAX_ETHNICITY_RUSSIAN,65
TAX_WORLDLANGUAGES_RUSSIAN,65
TAX_FNCACT_PLOTTERS,2
TAX_FNCACT_ADVISER,8
ECON_ELECTRICALPRICE,3
ECON_ELECTRICALDEMAND,23
ECON_ELECTRICALLOADSHEDDING,4
SOC_DIPLOMRECOG,76
WB_615_GENDER,29
MOVEMENT_WOMENS,16
WB_919_GENDER_AND_HUMAN_DEVELOPMENT,16
UNGP_GENDER_EQUALITY,19
TAX_WORLDLANGUAGES_MBETE,3
EPU_POLICY_CONGRESS,85
INEQUALITY,43
SLUMS,5
GENDER_VIOLENCE,14
WB_742_YOUTH_AND_GENDER_BASED_VIOLENCE,12
WB_2901_GENDER_BASED_VIOLENCE,11
WB_2026_PREVENTION,39
WB_2890_AFFIRMATIVE_ACTION,4
WB_2889_MINORITIES_AND_DISENFRANCHISED_GROUPS_AND_JOBS,4
WB_2884_INCLUSIVE_JOBS,4
TAX_FNCACT_GUIDE,14
TAX_WORLDLANGUAGES_DANISH,4
TAX_FNCACT_LECTURER,6
ECON_DEVELOPMENTORGS_ASIAN_INFRASTRUCTURE_INVESTMENT_BANK,8
TAX_FNCACT_ANALYST,23
TAX_FOODSTAPLES_MAIZE,11
WB_410_BUSINESS_LAW_AND_REGULATION,8
ECON_FOREIGNINVEST,76
WB_368_LEASING,10
SOC_POINTSOFINTEREST_MILITARY_BASES,3
MILITARY_COOPERATION,4
TAX_WORLDBIRDS,51
TAX_WORLDBIRDS_MAO,7
TAX_WORLDLANGUAGES_ZEDONG,9
SOC_POINTSOFINTEREST_MILITARY_BASE,4
ACT_FORCEPOSTURE,3
REBELLION,19
WB_739_POLITICAL_VIOLENCE_AND_CIVIL_WAR,8
EVACUATION,5
TAX_FNCACT_BUSINESS_EXECUTIVES,16
WB_2467_TERRORISM,49
SLFID_DICTATORSHIP,10
TAX_FNCACT_CHAMPIONS,7
TAX_MILITARY_TITLE_LIEUTENANT,13
TAX_FNCACT_LIEUTENANT,15
TAX_MILITARY_TITLE_LIEUTENANT_GENERAL,3
TAX_FNCACT_LIEUTENANT_GENERAL,3
TAX_FNCACT_DETECTIVE,4
MIL_SELF_IDENTIFIED_ARMS_DEAL,4
WB_838_PUBLIC_ACCOUNTABILITY_MECHANISMS,12
TAX_WORLDLANGUAGES_ANGIE,10
WB_491_QUALITY_OF_EDUCATION,4
WB_2129_TEXTBOOKS,3
TAX_FNCACT_SERGEANT,13
CRIME_CARTELS,5
TAX_FNCACT_CHAPLAIN,5
TAX_RELIGION_CATHOLIC,6
TAX_RELIGION_CHURCH,4
SOC_POINTSOFINTEREST_PRISONS,6
BULLYING,12
DEATH_PENALTY,9
WB_2452_GANGS,8
WB_2445_NON_STATE_SECURITY_ACTORS,18
TAX_RELIGION_CHRISTIAN,11
TAX_ETHNICITY_CHRISTIAN,11
TAX_FNCACT_FACTORY_WORKERS,2
MOVEMENT_SOCIAL,10
TAX_FNCACT_DOCKWORKERS,2
TAX_FNCACT_SEAMEN,2
TAX_ETHNICITY_AUSTRALIAN,14
TAX_ETHNICITY_AMERICAN,70
TAX_FNCACT_DOCKWORKER,2
ECON_BOYCOTT,4
TAX_TERROR_GROUP_AFRICAN_NATIONAL_CONGRESS,43
TAX_POLITICAL_PARTY_AFRICAN_NATIONAL_CONGRESS,43
STRIKE,9
TAX_FNCACT_MINERS,4
TAX_FNCACT_GOLD_MINERS,2
TAX_FNCACT_MINEWORKERS,18
TAX_FNCACT_ATTENDANT,4
WB_1799_MARINE_TRANSPORT,5
TAX_WEAPONS_GUN,4
TAX_DISEASE_INFECTION,6
SOC_EARLYMARRIAGE,6
WB_2444_EARLY_MARRIAGE,6
ECON_DEVELOPMENTORGS_WORLD_TRADE_ORGANISATION,18
WB_406_COMPETITION_POLICY,15
WB_2101_ANTITRUST,6
WB_1130_STRUCTURAL_POLICY_AND_REFORM,23
WB_2931_IRON,19
TAX_FNCACT_JOURNALIST,20
WB_2608_TRADE_IN_GOODS,9
WB_2607_COMPETITIVENESS_DIAGNOSTICS,9
WB_765_TRADE_COMPETITIVENESS_AND_DIVERSIFICATION,9
WB_1211_HUMAN_RESOURCES,104
TAX_WORLDLANGUAGES_BALOI,8
WB_700_INEQUALITY_AND_SHARED_PROSPERITY,10
WB_2668_INCOME_INEQUALITY,5
TAX_FNCACT_INTERNATIONALIST,4
TAX_ETHNICITY_SOVIET,10
TAX_POLITICAL_PARTY_SOUTH_AFRICAN_COMMUNIST_PARTY,5
ECON_MIDDLECLASS,15
TAX_FNCACT_MODERATOR,4
TAX_FNCACT_FEMINIST,5
TAX_FNCACT_BUTLER,8
ECON_WORKINGCLASS,21
MOVEMENT_OTHER,6
TAX_MILITARY_TITLE_SERGEANT,9
TAX_FNCACT_INTERPRETERS,1
TAX_MILITARY_TITLE_SUPERINTENDENT,1
TAX_FNCACT_SUPERINTENDENT,1
TAX_MILITARY_TITLE_CHIEF_SUPERINTENDENT,1
TAX_FNCACT_CHIEF_SUPERINTENDENT,1
WB_483_VOCATIONAL_EDUCATION_AND_TRAINING,39
CRISISLEX_T09_DISPLACEDRELOCATEDEVACUATED,12
WB_872_SMART_CITIES,9
TAX_FNCACT_EMPLOYERS,14
WB_2690_CATEGORIES_OF_EMPLOYMENT,27
WB_2704_EMPLOYER,19
WB_2526_TRANSFER_PRICING,3
WB_1285_BUSINESS_TAXATION,8
ECON_MOU,76
WB_1513_EDUCATION_POLICY_AND_PLANNING,8
TAX_ETHNICITY_MAURITANIA,8
ECON_DEVELOPMENTORGS_INTERNATIONAL_MONETARY_FUND,51
WB_1083_INFRASTRUCTURE_AND_GROWTH,4
TAX_ETHNICITY_NEW_ZEALANDER,2
TAX_FNCACT_MAYORS,6
TAX_FNCACT_VICE_CHAIRMAN,7
TAX_FNCACT_ROBBERS,3
WOUND,17
TAX_WEAPONS_GUNS,19
SOC_POINTSOFINTEREST_POLICE_STATION,12
WB_2451_REBELS_GUERRILLAS_AND_INSURGENTS,9
TAX_WORLDLANGUAGES_SOFALA,2
TAX_WORLDLANGUAGES_ETHIOPIAN,16
TAX_ETHNICITY_PARAGUAYAN,2
WB_598_ENVIRONMENTAL_MANAGEMENT,13
TAX_FNCACT_ELDERS,3
WB_594_WETLANDS,3
TAX_FNCACT_FARMER,9
TAX_FNCACT_HIGH_COMMISSIONER,8
TAX_AIDGROUPS_HIGH_COMMISSIONER_FOR_REFUGEES,2
WB_2480_POST_CONFLICT_RECONSTRUCTION,8
WB_2488_POPULATION_RESETTLEMENT,8
TAX_FNCACT_SLAVES,6
WB_756_VULNERABLE_GROUPS,8
WB_758_ORPHANS,8
TAX_FNCACT_VOLUNTEERS,25
SOC_REFUGEECAMP,8
SOC_POINTSOFINTEREST_REFUGEE_CAMP,8
WB_2665_REFUGEE_RESETTLEMENT,8
TAX_FNCACT_REPRESENTATIVE,43
WB_477_INCLUSIVE_GROWTH,61
TAX_RELIGION_AFRICAN_DIASPORA,4
WB_644_NUTRITION,16
WB_527_HYDROPOWER,15
WB_1362_MEDICAL_EQUIPMENT,21
TAX_FNCACT_DOCTORS,12
WB_1677_SOCIAL_PROTECTION_AND_LABOR_SYSTEMS,5
WB_1678_POLICY_PLANNING_DESIGN_AND_EVALUATION,5
WB_1683_POLICY_FRAMEWORK,5
SANCTIONS,23
CRISISLEX_T05_MONEY,49
CRISISLEX_C01_CHILDREN_AND_EDUCATION,20
TAX_POLITICAL_PARTY_COMMUNIST_PARTY_OF_CHINA,25
TAX_WORLDLANGUAGES_MALA,2
TAX_FNCACT_CREWMEN,2
TAX_FNCACT_INSPECTORS,8
TAX_FNCACT_LAWYERS,23
POWER_OUTAGE,8
TAX_WORLDBIRDS_NENE,30
TAX_FNCACT_PROSECUTOR,10
TAX_FNCACT_MEDICAL_WORKERS,13
ECON_WORLDCURRENCIES_THE_RUPEE,3
ECON_WORLDCURRENCIES_US_DOLLAR,16
SOC_DEGRADINGTREATMENT,4
TAX_FNCACT_DIRECTORS,16
WB_159_TRANSBOUNDARY_WATER,3
EPU_CATS_MONETARY_POLICY,53
TAX_ETHNICITY_NEPALESE,4
TAX_WORLDLANGUAGES_NEPALESE,4
WB_837_OPEN_GOVERNMENT_AND_TRANSPARENCY,14
WB_2031_RIGHT_TO_INFORMATION,14
GOV_FOIA,1
TAX_FNCACT_SECRETARY_OF_STATE,7
TAX_FNCACT_PLENIPOTENTIARY,3
BLOCKADE,8
SEIGE,13
TAX_FNCACT_PHYSICIANS,1
TAX_FNCACT_NURSES,4
TAX_FNCACT_PROFESSORS,3
TAX_FNCACT_TECHNICIAN,1
TAX_FNCACT_SUPPORTERS,14
DISPLACED,9
CRIME_LOOTING,22
WB_2474_DISARMAMENT_DEMOBILIZATION_REINTEGRATION,7
WB_932_DEMOBILISATION_DISARMAMENT_AND_REINTEGRATION,7
TAX_FNCACT_LANDLORD,7
TAX_FNCACT_IMMIGRANTS,11
ECON_WORLDCURRENCIES_RENMINBI,30
WB_2386_BROADCASTING_POLICY_AND_STRATEGY,4
WB_794_FREIGHT_SERVICES,1
TAX_FNCACT_NOMINEES,3
TAX_FNCACT_PRINCE,6
WB_2896_RETIREMENT,5
WB_1676_EARLY_RETIREMENT,3
SOC_POINTSOFINTEREST_COLLEGE,20
ECON_WORLDCURRENCIES_EURO,9
TAX_WORLDLANGUAGES_GARROW,4
WB_2085_PUBLIC_SECTOR_DOWNSIZING,5
WB_2054_SIZE_OF_THE_PUBLIC_SERVICE,5
TAX_WEAPONS_WATER_CANNON,2
TAX_FNCACT_NATIONAL_LEADERS,3
WB_1671_MINIMUM_WAGES,3
WB_718_PUBLIC_INVESTMENT_MANAGEMENT,11
ECON_PRICECONTROL,2
WB_1747_PRODUCT_MARKET_REGULATION_AND_COMPETITION_ADVOCACY,2
WB_2107_PRICE_CONTROLS,2
WB_1441_SUPPLEMENTS,3
TAX_FNCACT_STATESMEN,2
ECON_CURRENCY_RESERVES,20
TAX_FNCACT_DELEGATE,10
TAX_FNCACT_INTERVIEWER,3
TAX_FNCACT_UNEMPLOYED,7
TAX_WORLDINSECTS_BEES,1
VANDALIZE,1
TAX_FNCACT_CANDIDATE,7
SOC_POINTSOFINTEREST_HIGH_SCHOOL,15
TAX_FNCACT_BOARD_MEMBER,10
TAX_FOODSTAPLES_GRAIN,2
WB_2581_PREFERENTIAL_TRADE_AND_INVESTMENT_AGREEMENTS,5
TAX_ECON_FREETRADEAGREEMENTS,8
TAX_ECON_FREETRADEAGREEMENTS_FREE_TRADE_AGREEMENTS,3
WB_1812_TRANSPORT_EQUIPMENT,3
SOVEREIGNTY,10
WB_2817_TRAINING_PROGRAMS,6
RECRUITMENT,18
TAX_FNCACT_FACULTY,3
TAX_FNCACT_TEACHER,20
TAX_FNCACT_PARAMEDIC,2
WB_790_TRANSPORT_AND_SUSTAINABLE_DEVELOPMENT,18
WB_1808_TRANSPORT_SAFETY,18
EXTREMISM,33
TAX_FNCACT_FISHERMAN,6
TAX_FNCACT_LIFEGUARD,6
TAX_WORLDLANGUAGES_CHING,2
TAX_FNCACT_INDUSTRIALISTS,14
WB_545_NATIONAL_OIL_COMPANIES,10
WB_540_GOVERNANCE_FOR_OIL_AND_GAS,10
WB_1751_LIQUEFIED_NATURAL_GAS,3
WB_512_GAS_FIRED_POWER,3
EPU_POLICY_PUBLIC_INVESTMENT,8
TAX_FNCACT_FUND_MANAGER,3
WB_2482_RECONCILIATION,6
TAX_FNCACT_DIPLOMAT,5
WB_2440_SURVIVAL_SEX,1
KIDNAP,9
WB_2691_ILLICIT_WORK,3
TAX_FNCACT_EMPLOYEES,53
SLFID_MILITARY_SPENDING,3
ECON_NEWPOWERPLANT,8
TAX_ETHNICITY_QIANG,6
TAX_WORLDLANGUAGES_QIANG,6
TAX_ETHNICITY_KENYAN,21
TAX_WORLDMAMMALS_LIONS,13
WB_1959_LINKING_FARMERS_WITH_MARKETS,26
WB_1965_OUTPUT_MARKETS,24
WB_1966_AGRO_PROCESSING,24
TAX_FNCACT_GENTLEMEN,10
TAX_FNCACT_REGULATOR,9
WB_768_INTERNATIONAL_STANDARDS_AND_TECHNICAL_REGULATIONS,7
WB_778_NON_TARIFF_MEASURES,7
TAX_FNCACT_CHAIRWOMAN,4
WB_1809_HIGHWAYS,13
ECON_DEVELOPMENTORGS_WORLD_HEALTH_ORGANIZATION,6
TAX_AIDGROUPS_WORLD_HEALTH_ORGANIZATION,6
TAX_DISEASE_TUBERCULOSIS,7
WB_1419_TUBERCULOSIS,7
RAIL_INCIDENT,3
MANMADE_DISASTER_DERAILED,3
TAX_FNCACT_CONSTABLE,2
WB_1236_COMMERCIAL_BANKING,29
TAX_FNCACT_STATESMAN,3
WB_2844_EMIGRATION,1
NATURAL_DISASTER_DESERTIFICATION,3
WB_595_DRYLANDS,5
TAX_FNCACT_MARAUDERS,4
CRISISLEX_C02_NEEDSPROVIDE_FOOD,8
TAX_TERROR_GROUP_BOKO_HARAM,6
TAX_FNCACT_INSURGENTS,4
INSURGENCY,4
TAX_FNCACT_EXECUTIVE_SECRETARY,3
ECON_SOVEREIGN_DEBT,1
WB_454_DEBT_RESTRUCTURING,2
WB_821_DISASTER_RISK_REDUCTION,1
WB_820_DISASTER_RISK_MANAGEMENT,5
WB_963_NATURAL_RESOURCES_LAW,1
WB_1020_LAW_OF_THE_SEA,1
WB_744_SOCIAL_ANALYSIS,6
WB_836_POLITICAL_ECONOMY_OF_REFORM,6
POPULATION_DENSITY,2
WB_640_POPULATION_AND_DEMOGRAPHIC_CHANGE,2
WB_1448_DEMOGRAPHIC_CHANGE,6
EPU_POLICY_DEFICIT,32
TAX_FNCACT_INCUMBENTS,2
TAX_WEAPONS_GRENADE,2
REBELS,3
TAX_WORLDLANGUAGES_KABILA,2
TAX_TERROR_GROUP_PEOPLE_MOVEMENT_FOR_THE_LIBERATION,2
TAX_TERROR_GROUP_MOVEMENT_FOR_THE_LIBERATION_OF,2
TAX_POLITICAL_PARTY_ZIMBABWE_AFRICAN_NATIONAL_UNION,2
TAX_POLITICAL_PARTY_PATRIOTIC_FRONT,3
TAX_FNCACT_GENERAL_MANAGER,11
TAX_FNCACT_VETERANS,9
TAX_FNCACT_COURIER,1
WB_2393_POSTAL_EXPRESS_COURIER_SERVICES_AND_LOGISTICS,1
TAX_MILITARY_TITLE_COLONEL,3
TAX_MILITARY_TITLE_LIEUTENANT_COLONEL,3
TAX_FNCACT_LIEUTENANT_COLONEL,3
TAX_TERROR_GROUP_UMKHONTO_WE_SIZWE,7
TAX_ETHNICITY_WHITES,1
TAX_ETHNICITY_BLACKS,7
TAX_WORLDMAMMALS_HUMANS,16
TAX_ETHNICITY_WHITE,1
TAX_WORLDREPTILES,8
TAX_WORLDREPTILES_TORTOISE,1
TAX_FNCACT_LABOURERS,1
RETALIATE,11
TAX_FNCACT_AUTHOR,15
TAX_WORLDLANGUAGES_SUNDANESE,4
IMPEACHMENT,7
SLFID_RULE_OF_LAW,15
TAX_FNCACT_ADMINISTRATOR,5
TAX_DISEASE_SMALLPOX,2
NATURAL_DISASTER_EARTHQUAKE,4
TAX_FNCACT_SCIENTIST,3
TAX_FNCACT_POLITICAL_SCIENTIST,3
HUMAN_RIGHTS_ABUSES,13
HUMAN_RIGHTS_ABUSES_FORCED_MIGRATION,2
SOC_FORCEDRELOCATION,2
WB_740_FORCED_DISPLACEMENT,2
TAX_RELIGION_CONFUCIAN,4
WB_1523_TEACHERS_MANAGEMENT,1
WB_1534_TEACHER_UNIONS,1
TAX_FNCACT_PSYCHOLOGIST,1
TAX_FNCACT_CLINICAL_PSYCHOLOGIST,1
SLFID_ECONOMIC_POWER,19
TAX_ETHNICITY_GREEK,2
TAX_WORLDLANGUAGES_GREEK,2
TAX_ETHNICITY_FRENCH,11
TAX_WORLDLANGUAGES_FRENCH,11
TAX_FNCACT_VENDOR,11
TAX_WORLDLANGUAGES_GWEDE,10
TAX_FNCACT_CANDIDATES,8
WB_444_MONETARY_POLICY,2
WB_2505_WEAPONS_OF_MASS_DESTRUCTION,1
WB_2503_WEAPONS_PROLIFERATION_AND_ARMS_CONTROL,1
TAX_FNCACT_DESIGNER,4
TAX_RELIGION_ISLAM,3
TAX_RELIGION_MUSLIMS,6
TAX_ETHNICITY_MUSLIMS,6
TAX_ETHNICITY_ITALIAN,6
TAX_WORLDLANGUAGES_ITALIAN,6
TAX_FNCACT_BABIES,12
WB_642_CHILD_HEALTH,5
WB_639_REPRODUCTIVE_MATERNAL_AND_CHILD_HEALTH,14
ECON_DEVELOPMENTORGS_ASIAN_DEVELOPMENT_BANK,1
TAX_AIDGROUPS_ASIAN_DEVELOPMENT_BANK,1
WB_1442_BREASTFEEDING,2
HEALTH_PANDEMIC,2
TAX_FNCACT_POLITICAL_LEADERS,5
TAX_WEAPONS_FIREARMS,7
MANMADE_DISASTER_RADIOACTIVE,1
TAX_FNCACT_BREEDER,1
WB_625_HEALTH_ECONOMICS_AND_FINANCE,3
WB_1293_UNIVERSAL_HEALTH_INSURANCE,3
WB_1287_HEALTH_INSURANCE,3
TAX_DISEASE_COMMUNICABLE,3
TAX_AIDGROUPS_UNICEF,4
TAX_FNCACT_CHAMPION,12
EPU_POLICY_POLICYMAKERS,8
WB_2207_THEMATIC_BASED_PPPS,13
WB_2206_PUBLIC_PRIVATE_PARTNERSHIPS,13
WB_999_PPP_IN_IRRIGATION,13
TAX_WORLDLANGUAGES_MANDARINS,4
TAX_WORLDLANGUAGES_TIONG,2
SOC_POINTSOFINTEREST_AIRPORTS,14
TAX_WORLDLANGUAGES_SHAKA,14
EPU_POLICY_PEOPLE_BANK_OF_CHINA,2
EPU_POLICY_CENTRAL_BANK,10
WB_2298_REFINERIES,14
TAX_FNCACT_ASSISTANT,9
WB_1650_PUBLIC_EMPLOYMENT_SERVICES,22
WB_1652_PLACEMENT,22
TAX_FNCACT_GENTLEMAN,6
TAX_FNCACT_CONSULS,2
TAX_WORLDREPTILES_CROCODILE,5
TAX_FNCACT_CHEF,5
WB_2084_BIODIVERSITY,8
WB_1786_ENVIRONMENTAL_SUSTAINABILITY,11
TAX_FNCACT_PLAYER,1
TAX_FNCACT_AGGRESSOR,2
TAX_FNCACT_PARAMEDICS,2
HARASSMENT,5
TAX_FNCACT_FLIGHT_ATTENDANT,2
TAX_FNCACT_BABY,11
SCANDAL,23
TAX_FNCACT_FOOL,3
SOC_SUICIDE,4
TAX_FNCACT_ELDER,2
WB_1609_FOOD_AND_IN_KIND_TRANSFERS,5
WB_1620_ELDERLY,4
WB_1618_FOOD_DISTRIBUTION,4
TAX_FNCACT_HISTORIAN,2
TAX_FNCACT_PHILOSOPHER,5
WB_2460_MARITIME_PIRACY,1
TAX_WORLDFISH_MENHADEN,2
TAX_WORLDFISH_GULF_MENHADEN,2
WB_1050_AQUACULTURE,11
TAX_WORLDLANGUAGES_LATIN,12
CYBER_ATTACK,21
WB_2358_E_GOVERNMENT,1
TAX_FNCACT_EMPEROR,3
TAX_DISEASE_DIABETES,4
TAX_CHRONICDISEASE,4
TAX_CHRONICDISEASE_DIABETES,4
WB_1433_DIABETES,4
TAX_FNCACT_MINER,3
TAX_FNCACT_SMELTER,2
ENV_WINDPOWER,15
WB_529_WIND_ENERGY,16
WB_533_ENERGY_EFFICIENCY,1
TAX_FNCACT_CMO,1
TAX_FNCACT_PROJECT_MANAGER,5
WB_511_COAL_FIRED_POWER,11
ENV_BIOFUEL,4
WB_532_BIOFUELS_ENERGY,4
WB_1922_GOVERNANCE_STRUCTURES,4
TAX_FNCACT_GOVERNORS,8
TAX_MILITARY_TITLE_SOLDIER,2
TAX_FNCACT_SOLDIER,2
WB_664_KNOWLEDGE_MANAGEMENT,2
TAX_RELIGION_CONFUCIANISM,3
TAX_FNCACT_ADMINISTRATORS,1
TAX_ETHNICITY_CHINES,3
TAX_WORLDLANGUAGES_CHINES,3
WB_427_WATER_ALLOCATION_AND_WATER_ECONOMICS,2
WB_1064_WATER_DEMAND_MANAGEMENT,2
WB_990_DRAINAGE,2
WB_2008_WATER_TREATMENT,2
UNGP_CLEAN_WATER_SANITATION,7
WB_148_SEWERAGE,4
WB_2003_SANITATION_TECHNOLOGIES,4
TAX_ETHNICITY_ZULU,19
WB_1918_SECURITIES_MARKETS,1
TAX_FNCACT_ARTISANS,3
TAX_FNCACT_PLUMBERS,1
TAX_POLITICAL_PARTY_PROGRESSIVE_PARTY,1
TAX_TERROR_GROUP_DEMOCRATIC_PROGRESSIVE_PARTY,1
TAX_POLITICAL_PARTY_DEMOCRATIC_PROGRESSIVE_PARTY,1
TAX_WORLDLANGUAGES_AMINA,1
TAX_WORLDLANGUAGES_POLISH,1
TAX_FOODSTAPLES_RICE,3
UNSAFE_WORK_ENVIRONMENT,3
TAX_ETHNICITY_TIBETAN,19
TAX_WORLDLANGUAGES_TIBETAN,19
TAX_FNCACT_SPIRITUAL_LEADER,2
TAX_FNCACT_SEPARATIST,2
SEPARATISTS,4
TAX_ETHNICITY_PALESTINIAN,3
POL_HOSTVISIT,4
TAX_TERROR_GROUP_POPULAR_FRONT_FOR_THE_LIBERATION,1
TAX_TERROR_GROUP_FRONT_FOR_THE_LIBERATION_OF,1
TAX_TERROR_GROUP_HAMAS,1
TAX_POLITICAL_PARTY_HAMAS,1
TAX_FNCACT_INDUSTRIALIST,5
TAX_FNCACT_FOUNDERS,1
TAX_FNCACT_MANAGERESS,2
TAX_WORLDMAMMALS_WHITE_RHINOCEROS,3
TAX_WEAPONS_FIREARM,10
TAX_ETHNICITY_CHOP,3
WB_3007_NATIONAL_PARKS,20
WB_1833_PROTECTED_AREAS_SYSTEMS,20
WB_1829_ECOSYSTEM_MANAGEMENT,20
WB_669_SOFTWARE_INFRASTRUCTURE,3
WB_2945_DATABASE,2
WB_2915_ENVIRONMENTAL_CRIME,1
WB_1831_ENVIRONMENTAL_CRIME_AND_LAW_ENFORCEMENT,1
TAX_FOODSTAPLES_GRAINS,3
TAX_FOODSTAPLES_CEREAL,3
FOOD_STAPLE,1
WB_1698_COAL_MINING,7
TAX_FNCACT_BRIGADIER,7
WB_570_EARLY_WARNING_SYSTEMS,2
WB_568_CLIMATE_SERVICES,3
TAX_FNCACT_SUPPORTER,2
TAX_FNCACT_VIOLINIST,2
TAX_WORLDFISH_EMPERORS,2
TAX_WORLDMAMMALS_SPRINGBOK,2
WB_653_ENTERPRISE_ARCHITECTURE,1
WB_2375_ICT_METHODS_AND_PROCEDURES,1
WB_2378_SECURITY_ARCHITECTURE,1
ECON_BANKRUPTCY,2
ECON_WORLDCURRENCIES_SOUTH_AFRICAN_RAND,1
WB_554_MINING_POLICY_LAWS_AND_REGULATIONS,4
WB_555_ARTISANAL_AND_SMALL_SCALE_MINING,1
WB_1934_CIVILLIAN_POLICE_AND_SECURITY_SERVICES,3
TAX_WORLDREPTILES_SNAKES,2
WB_2938_TIN,4
TAX_WORLDFISH_BASS,2
TAX_FNCACT_GUITARIST,2
WB_1854_METHANE,1
WB_1841_SHORT_LIVED_CLIMATE_POLLUTANTS,1
WB_579_CLIMATE_CHANGE_MITIGATION,2
WB_1305_HEALTH_SERVICES_DELIVERY,8
WB_1461_HEALTHY_LIFESTYLES,1
WB_1031_COMPETITION_LAW,1
WB_729_PERFORMANCE_MANAGEMENT,8
WB_727_MONITORING_AND_EVALUATION,5
WB_1686_IMPACT_ASSESSMENT,5
WB_725_ORGANIZATIONAL_MANAGEMENT,8
WB_2271_M_AND_E_IMPACT,5
WB_1877_RURAL_ELECTRIFICATION,1
WB_521_ENERGY_ACCESS,3
ECON_WORLDCURRENCIES_CHINESE_YUAN,1
TAX_WEAPONS_EXPLOSIVES,2
WB_1058_AGRIBUSINESS,19
WB_2179_AGRIBUSINESS,19
TAX_WORLDLANGUAGES_SHERPA,1
ECON_DEVELOPMENTORGS_UNITED_NATIONS_INDUSTRIAL_DEVELOPMENT_ORGANIZATION,2
TAX_AIDGROUPS_UNITED_NATIONS_INDUSTRIAL_DEVELOPMENT_ORGANIZATION,2
WB_2525_TAX_TRANSPARENCY,1
WB_1134_CAPITAL_ACCOUNT,3
WB_606_NATURAL_CAPITAL_ACCOUNTING,2
UNGP_CLIMATE_CHANGE_ACTION,73
INFRASTRUCTURE_BAD_ROADS,13
UNGP_TRANSPORTATION_ROADS,18
TAX_POLITICAL_PARTY_REPUBLICAN,1
TAX_FNCACT_COUNSELLOR,8
GOV_REPATRIATION,3
SOC_EMERGINGTECH,19
TAX_WORLDMAMMALS_TIGERS,5
ECON_DEVELOPMENTORGS_WORLD_BANK_GROUP,5
WB_1847_CLIMATE_FINANCE,3
TAX_FNCACT_REGULATORS,4
WB_363_FINANCIAL_INCLUSION,4
WB_1175_INTRAREGIONAL_TRADE,2
TAX_FNCACT_INSIDER,4
TAX_FNCACT_LAWMAKER,1
TAX_FNCACT_PRIEST,1
TAX_FNCACT_POLICEWOMAN,1
TAX_FNCACT_PRISON_CHAPLAIN,1
TAX_FNCACT_GENERALS,1
NATURAL_DISASTER_FLOODING,7
TAX_WORLDLANGUAGES_RWANDA,2
TAX_ETHNICITY_TAMIL,2
TAX_WORLDLANGUAGES_TAMIL,2
TAX_FNCACT_SEPARATISTS,2
TAX_FNCACT_AGENT,18
SOC_INTELSHARING,2
TAX_TERROR_GROUP_TAMIL_TIGERS,2
TAX_FNCACT_BUSINESSWOMEN,2
WB_2391_WEB_BROADCASTING,1
TAX_FNCACT_CREATIVE_DIRECTOR,2
GRIEVANCES,2
TAX_WORLDBIRDS_CUTTHROAT,1
TAX_FNCACT_ASSISTANTS,3
TAX_FNCACT_REGISTRAR,3
TAX_FNCACT_PHARMACISTS,3
TAX_FNCACT_PHARMACIST,3
TAX_FNCACT_INTERN,3
TAX_DISEASE_BACTERIAL,3
WB_1423_NEGLECTED_TROPICAL_DISEASES,3
WB_1425_FUNGUS_INFECTIONS,3
TAX_DISEASE_GASTROENTERITIS,3
TAX_DISEASE_UREMIA,3
TAX_FNCACT_PRINCESS,4
TAX_FNCACT_INCUMBENT,1
EPU_POLICY_MINISTRY_OF_FINANCE,6
TAX_FNCACT_CHARGE_DAFFAIRES,1
WB_926_POLITICAL_PARTICIPATION,1
WB_924_VOICE_AND_AGENCY,1
TAX_FNCACT_CABINET_MINISTER,5
TAX_WORLDLANGUAGES_KUMBA,2
TAX_FNCACT_EMPLOYEE,7
WB_1625_SUPPORT_SERVICES,2
TAX_FNCACT_CHIEF_FINANCIAL_OFFICER,7
TAX_FNCACT_CHIEF_OPERATING_OFFICER,5
TAX_FNCACT_HITMAN,11
TAX_FNCACT_HITMEN,1
TAX_FNCACT_KILLERS,3
WB_2666_LIFE_EXPECTANCY,1
WB_2669_PREMATURE_DEATH,1
TAX_FNCACT_DEATH_SQUAD,1
TAX_FNCACT_KILLER,2
TAX_WORLDLANGUAGES_KUANG,1
WB_2089_ETHICS_AND_CODES_OF_CONDUCT,18
TAX_FNCACT_FINANCIERS,2
TAX_FNCACT_BROKER,1
TAX_FNCACT_WIZARD,1
TAX_MILITARY_TITLE_WARRANT_OFFICER,1
TAX_FNCACT_WARRANT_OFFICER,1
TAX_FNCACT_HUNTER,9
TAX_FNCACT_CORRESPONDENTS,1
CEASEFIRE,3
WB_350_FINANCIAL_INFRASTRUCTURE_AND_REMITTANCES,2
WB_411_DEBT_RESOLUTION,1
TAX_FNCACT_MAGNATE,3
TAX_ECON_FREETRADEAGREEMENTS_EAST_AFRICAN_COMMUNITY,1
WB_417_CORPORATE_GOVERNANCE,1
WB_515_POWER_SECTOR_POLICY_AND_INSTITUTIONS,1
WB_519_UTILITIES_GOVERNANCE_AND_PERFORMANCE,1
WB_847_COMPANY_AND_CORPORATE_LAW,1
TAX_FNCACT_BANKER,1
WB_1277_BANKRUPTCY_AND_LIQUIDATION,1
WB_2534_CORPORATE_RESCUE,1
MANMADE_DISASTER_POWER_OUTAGES,3
WB_2443_RAPE_AND_SEXUAL_VIOLENCE,1
WB_2441_DOMESTIC_VIOLENCE,1
TAX_WORLDFISH_EMPEROR,1
TAX_FNCACT_BISHOP,2
TAX_FNCACT_UNIONISTS,1
TAX_FNCACT_TRADE_UNIONISTS,1
WB_2492_COUNTER_TERRORISM,19
TAX_WORLDFISH_POLLOCK,1
TAX_TERROR_GROUP_ISLAMIC_STATE,1
DRONES,4
TAX_FNCACT_STATISTICIAN,2
TAX_FNCACT_CHIEF_JUSTICE,10
WB_660_BUSINESS_INTELLIGENCE,2
WB_1917_INTELLECTUAL_PROPERTY,7
WB_377_FIRM_INNOVATION_PRODUCTIVITY_AND_GROWTH,9
WB_851_INTELLECTUAL_PROPERTY_RIGHTS,8
TAX_WORLDLANGUAGES_MAMBILA,1
TAX_FNCACT_TREASURER,2
UNGP_AFFORDABLE_NUTRITIOUS_FOOD,23
WB_1459_IMMUNIZATIONS,1
TAX_DISEASE_INFECTIOUS,9
TAX_DISEASE_DISEASES,6
TAX_DISEASE_DISRUPTIVE,8
TECH_SUPERCOMPUTING,1
UNREST_SELF_IDENTIFIED_HATE_CRIME,1
SOC_MARGINALIZE,1
TAX_ETHNICITY_DALIT,1
HUMAN_RIGHTS_ABUSES_EXTRAJUDICIAL,1
WB_1068_MARKET_FAILURES_VERSUS_GOVERNMENT_FAILURES,2
WB_440_MACROECONOMIC_MONITORING,3
WB_473_GROWTH_DIAGNOSTICS,3
TAX_ETHNICITY_RUSSIANS,10
TAX_WORLDLANGUAGES_RUSSIANS,10
TAX_DISEASE_POISONING,5
TAX_ETHNICITY_TURKISH,2
TAX_WORLDLANGUAGES_TURKISH,2
TAX_WORLDLANGUAGES_TEMER,14
TAX_FNCACT_PEERS,7
WB_1098_MONETARY_AND_FINANCIAL_STABILITY,1
WB_1096_MACROECONOMIC_SUSTAINABILITY,1
WB_1817_CONGESTION,3
WB_162_TRANSPORT_ECONOMICS,4
WB_1429_ROAD_SAFETY,11
WB_784_TRAFFIC_AND_ROAD_SAFETY,11
TAX_WORLDMAMMALS_IMPALA,2
TAX_FNCACT_BOSSES,3
ECON_DEVELOPMENTORGS_UNITED_NATIONS_CONFERENCE_ON_TRADE,2
TAX_WORLDLANGUAGES_MBELE,2
WB_2648_BUSINESS_ENABLERS_INCUBATORS_AND_ACCELERATORS,2
WB_782_SERVICES_TRADE_COMPETITIVENESS,1
WB_2613_TRADE_IN_VALUE_ADDED,1
TAX_FNCACT_CARDINAL,1
WB_2612_SERVICES_EXPORTS,1
EPU_POLICY_FISCAL_POLICY,3
TAX_FNCACT_SKILLED_WORKERS,2
WB_2725_CATEGORIES_OF_WORKERS,2
WB_2732_SKILLED_WORKERS,2
TAX_FNCACT_PAEDOPHILE,3
TAX_WORLDBIRDS_DODO,4
TAX_FNCACT_HERDSMEN,1
TAX_FNCACT_POACHER,42
TAX_WORLDFISH_POACHER,42
TAX_FNCACT_WARDEN,1
HUMAN_RIGHTS_ABUSES_TORTURED,1
TORTURE,2
WB_2512_TORTURE,2
TAX_FNCACT_EDITORS,12
TAX_DISEASE_SEIZURES,8
TAX_WORLDMAMMALS_FOX,3
TAX_DISEASE_NAUSEA,3
TAX_FOODSTAPLES_MILLET,2
TAX_FOODSTAPLES_BARLEY,2
TAX_RELIGION_CHRISTIANITY,3
TAX_DISEASE_STARVATION,2
TAX_FOODSTAPLES_SORGHUM,2
TAX_WORLDLANGUAGES_AMASI,2
TAX_FOODSTAPLES_CEREALS,2
TAX_WORLDLANGUAGES_GALLO,4
TAX_FNCACT_MINISTER_OF_FINANCE,12
WB_1111_AID_DEPENDENCE,1
TAX_DISEASE_HIV_INFECTIONS,1
WB_341_INVESTMENT_FUNDS,1
WB_345_SOVEREIGN_WEALTH_FUNDS,1
TAX_ETHNICITY_SOMALIS,2
TAX_WORLDLANGUAGES_SOMALIS,2
TAX_WORLDLANGUAGES_NKOSI,9
TAX_FNCACT_TENANT,2
FUELPRICES,4
TAX_DISEASE_TRANSITIONAL,4
TAX_WORLDLANGUAGES_MA_TO,5
WB_1383_HEALTH_MANAGEMENT_AND_ADMINISTRATION,3
WB_631_HUMAN_RESOURCES_FOR_HEALTH,3
TAX_DISEASE_HIV_INFECTION,1
TAX_DISEASE_EPIDEMIC,1
TAX_FNCACT_THIEVES,3
WB_559_MINING_LAWS_AND_REGULATIONS,2
WB_2323_MINING_REGULATION,2
TAX_DISEASE_HEADACHE,2
TAX_WORLDMAMMALS_SEAL,3
WB_1212_MONITORING_AND_EVALUATION_IN_JUSTICE,1
WB_1923_COURT_ADMINISTRATION,3
TAX_FNCACT_POLITICIAN,5
SICKENED,1
TAX_FNCACT_LEGIONNAIRE,1
TAX_FNCACT_WARRIOR,2
TAX_ECON_FREETRADEAGREEMENTS_FREE_TRADE_AGREEMENT,2
TAX_ECON_FREETRADEAGREEMENTS_NORTH_AMERICAN_FREE_TRADE_AGREEMENT,2
TAX_ECON_FREETRADEAGREEMENTS_NAFTA,2
TAX_WORLDLANGUAGES_LUNGU,1
TAX_FNCACT_ADVERTISERS,1
TAX_ETHNICITY_ZAMBIANS,1
WB_901_ENVIRONMENTAL_SAFEGUARDS,2
TAX_FNCACT_WAITER,1
TAX_DISEASE_DUMPING,5
TAX_FNCACT_BIOLOGIST,1
NATURAL_DISASTER_FRIGID,1
TAX_WORLDFISH_SHARKS,1
TAX_FNCACT_CONSERVATIONIST,1
TAX_WORLDMAMMALS_DRILL,4
TAX_DISEASE_CONVENTIONAL,5
ECON_HEATINGOIL,1
TAX_FNCACT_MARSHALL,2
TAX_ETHNICITY_NORWEGIANS,1
TAX_WORLDLANGUAGES_NORWEGIANS,1
TAX_DISEASE_MALNUTRITION,1
ECON_DEVELOPMENTORGS_WORLD_FOOD_PROGRAMME,1
TAX_AIDGROUPS_WORLD_FOOD_PROGRAMME,1
WB_1249_ACCESS_TO_FINANCE,2
TAX_FNCACT_OVERSEERS,1
TAX_FNCACT_COLUMNISTS,5
TAX_FNCACT_CUSTODIAN,1
WB_1721_SPATIAL_PLANNING_AND_LAND_USE,1
WB_1720_CITY_STRATEGIES_AND_TERRITORIAL_PLANNING,1
WB_1913_SOIL_MANAGEMENT,1
WB_174_CROP_PRODUCTION,5
ECON_DEVELOPMENTORGS_INTERNATIONAL_FUND_FOR_AGRICULTURAL_DEVELOPMENT,1
TAX_AIDGROUPS_INTERNATIONAL_FUND_FOR_AGRICULTURAL_DEVELOPMENT,1
WB_2194_ANIMAL_WELFARE,2
TAX_WORLDMAMMALS_TIGER,1
LEGALIZE,1
TAX_ETHNICITY_XHOSA,3
TAX_WORLDLANGUAGES_XHOSA,3
TAX_WORLDLANGUAGES_SANYA,2
TAX_DISEASE_TRAUMA,6
WB_1430_MENTAL_HEALTH,1
TAX_DISEASE_DEPRESSION,3
TAX_FNCACT_QUEEN,5
TAX_FNCACT_BEAUTY_QUEEN,1
TAX_FNCACT_INSIDERS,6
TAX_POLITICAL_PARTY_DEMOCRAT,2
TAX_WORLDLANGUAGES_POLARIS,2
WB_1353_PHARMACEUTICAL_SUPPLY_CHAIN,7
TAX_ETHNICITY_NDEBELE,7
TAX_WORLDLANGUAGES_NDEBELE,7
WB_597_ECOSYSTEM_SERVICES,3
WB_3011_SUPPORTING_SERVICES,3
SOC_RANSOM,7
WB_829_FISCAL_DECENTRALIZATION,4
WB_874_LOCAL_FINANCE,4
TAX_WEAPONS_AIRCRAFT_CARRIER,2
TAX_WORLDBIRDS_OSTRICH,3
TAX_WEAPONS_SUBMARINES,2
TAX_WEAPONS_WARSHIP,2
TAX_FNCACT_FLAG_OFFICER,2
TAX_FNCACT_COMMANDERS,2
TAX_WORLDLANGUAGES_BHUTANESE,2
TAX_POLITICAL_PARTY_SAMAJWADI_PARTY,2
SOC_EXPRESSSUPPORT,2
ECON_DEVELOPMENTORGS_AFRICAN_DEVELOPMENT_FOUNDATION,1
TAX_FNCACT_SLAVE,3
TAX_TERROR_GROUP_ISIS,1
TAX_FNCACT_FASHION_MODEL,1
TAX_POLITICAL_PARTY_REPUBLICANS,1
TAX_ETHNICITY_GERMANS,1
TAX_WORLDLANGUAGES_GERMANS,1
EPU_POLICY_WHITE_HOUSE,5
TAX_FNCACT_FOREIGN_SERVICE_OFFICER,1
TAX_FNCACT_WARLORD,1
TAX_TERROR_GROUP_LORD_RESISTANCE_ARMY,1
TAX_TERROR_GROUP_AL_QAEDA,1
ECON_DEVELOPMENTORGS_UNITED_NATIONS_INDUSTRIAL_DEVELOPMENT_ORGANISATION,1
WB_2073_ILLICIT_FINANCIAL_FLOWS,8
WB_2459_ILLICIT_FINANCIAL_FLOWS,8
GENERAL_PUBLIC_OPINION,4
TAX_WORLDFISH_STURGEON,1
TAX_FNCACT_SALES_MANAGER,3
TAX_DISEASE_ANTICIPATION,1
TAX_WORLDMAMMALS_JAGUAR,2
WB_2127_EDUCATION_ACCESS_AND_EQUITY,3
TAX_DISEASE_DEFICIENCY,2
WB_674_SHARED_INFRASTRUCTURE,8
WB_676_CLOUD_COMPUTING,8
TAX_FNCACT_INNOVATOR,2
TAX_FNCACT_BACHELOR,2
TAX_FNCACT_CORRESPONDENT,5
NATURAL_DISASTER_TIDAL_WAVE,1
TAX_ETHNICITY_MEND,1
DISCRIMINATION_RACE_RACIST,13
WB_2149_NATIONAL_EDUCATION_SYSTEMS,2
TAX_WORLDARACHNIDS,10
TAX_WORLDARACHNIDS_SPIDERS,3
WB_1358_GENERIC_DRUGS,6
WB_641_REPRODUCTIVE_AND_MATERNAL_HEALTH,10
WB_1452_FAMILY_PLANNING,10
TAX_FNCACT_HUMANIST,2
WB_957_GOVERNMENT_PROCUREMENT,7
WB_1889_PROCUREMENT_PLANNING,7
WB_2478_PEACE_PROCESSES_AND_DIALOGUE,2
TAX_WORLDLANGUAGES_AFGHAN,2
WB_2468_CONVENTIONAL_WAR,4
WB_1797_SOLID_WASTE,1
WB_601_POLLUTION_MANAGEMENT,1
TAX_FNCACT_GROCER,4
TAX_FNCACT_BOUNCER,4
TAX_FNCACT_SCOUT,1
TAX_WORLDLANGUAGES_ETHIOPIANS,1
ECON_MONEYLAUNDERING,8
WB_2076_MONEY_LAUNDERING,8
ECON_DEREGULATION,13
WB_161_DAMS_AND_RESERVOIRS,12
WB_141_WATER_RESOURCES_MANAGEMENT,24
WB_1000_WATER_MANAGEMENT_STRUCTURES,12
WB_484_LIFELONG_LEARNING,13
WB_1581_RESKILLING,12
TAX_FNCACT_COOK,13
TAX_ECON_FREETRADEAGREEMENTS_GULF_COOPERATION_COUNCIL,2
TAX_ETHNICITY_KENYANS,3
WB_600_NATURAL_RESOURCES_MANAGEMENT,6
WB_605_WILDLIFE_RESOURCES,6
TAX_ETHNICITY_TIBETANS,5
TAX_WORLDLANGUAGES_TIBETANS,5
TAX_RELIGION_BUDDHIST,4
TAX_ETHNICITY_BUDDHIST,4
WB_1324_EMERGENCY_MEDICAL_SERVICES,4
TAX_DISEASE_SHORTSIGHTEDNESS,4
MED_MEDICALTOURISM,2
TAX_FNCACT_WITCH,1
WB_661_BIG_DATA,1
WB_873_NON_TRADITIONAL_DATA_DRIVEN_MANAGEMENT,1
TECH_BIGDATA,1
TAX_FNCACT_PUBLIC_SERVANTS,7
TAX_RELIGION_ORTHODOXY,1
WB_1069_RESOURCE_MISALLOCATIONS_AND_POLICY_FAILURES,1
WB_833_INSTITUTIONAL_REFORM,20
TAX_WORLDLANGUAGES_ORS,2
TAX_WORLDINSECTS_MOTHS,1
TAX_AGRICULHARMINSECTS,1
TAX_AGRICULHARMINSECTS_MOTHS,1
TAX_FNCACT_DICTATOR,1
WB_1169_MICRO_ENTERPRISES,3
TAX_FNCACT_RECEPTIONIST,5
TAX_FNCACT_PILOTS,1
MANMADE_DISASTER_PLANE_CRASH,1
WB_1445_STUNTING,6
WB_1444_GROWTH_MONITORING,6
TAX_DISEASE_TWINNING,6
TAX_WORLDMAMMALS_PANDAS,1
TAX_WORLDMAMMALS_GIANT_PANDAS,1
TAX_WORLDMAMMALS_PANDA,1
TAX_WORLDMAMMALS_GIANT_PANDA,1
WB_196_AGRICULTURAL_INNOVATION_SYSTEMS,2
WB_2140_INSPECTORATE,2
TAX_WORLDARACHNIDS_SCORPIONS,7
TAX_WORLDLANGUAGES_SUNDA,1
TAX_WORLDMAMMALS_SUNDA_PANGOLINS,1
WB_1245_FINANCIAL_VULNERABILITY_AND_RISKS,1
WB_327_VULNERABILITY_AND_RISK_ASSESSMENTS,1
TAX_WORLDBIRDS_GREY_PARROTS,1
TAX_FNCACT_WARDENS,1
TAX_RELIGION_CHRISTIANS,1
TAX_ETHNICITY_CHRISTIANS,1
TAX_FNCACT_PASTORS,1
TAX_DISEASE_WOUNDS,1
TAX_RELIGION_CATHOLICISM,1
TAX_RELIGION_PROTESTANTISM,1
TAX_FNCACT_MISSIONARIES,1
TAX_DISEASE_OBESE,1
WB_1435_OBESITY,1
TAX_FNCACT_BUFFOON,1
TAX_FNCACT_TRUCK_DRIVER,1
TAX_WORLDLANGUAGES_LOMBARD,1
WB_2848_THEMATIC_AND_SECTORAL_PRIORTIZATION,2
WB_2862_JOBS_IN_TOURISM,1
WB_2861_JOBS_IN_TRADE_AND_COMPETITIVENESS,1
TAX_WORLDFISH_CATFISH,1
TAX_WORLDFISH_PERCH,1
TAX_WORLDCRUSTACEANS_PRAWNS,1
TAX_DISEASE_SYNDROME,1
TAX_WORLDFISH_SALMON,1
TAX_WORLDCRUSTACEANS_SHELLFISH,1
TAX_FNCACT_COMPANIONS,2
TAX_TERROR_GROUP_REVOLUTIONARY_SOCIALIST,1
WB_2204_IN_MIGRATION,5
NATURAL_DISASTER_DROWNING,5
DISCRIMINATION_IMMIGRATION_ANTIIMMIGRANT,5
TAX_FNCACT_MAHARANI,14
TAX_FNCACT_TRADER,15
TAX_FNCACT_AIDE,1
TAX_WORLDLANGUAGES_NKANGALA,6
TAX_ETHNICITY_ZULUS,6
EPU_CATS_FISCAL_POLICY,6
TAX_WORLDMAMMALS_LEOPARD,1
TAX_FNCACT_FARM_WORKER,1
TAX_FNCACT_EMPLOYER,5
GOV_STATE_FAILURE,4
TAX_FNCACT_CLERGY,1
TAX_WORLDMAMMALS_GIRAFFES,1
NATURAL_DISASTER_FLOODS,2
WB_1816_ROAD_FUNDS,1
WB_514_REGIONAL_AND_CROSS_BORDER_INFRASTRUCTURE,1
TAX_FNCACT_YOUNGSTERS,3
TAX_DISEASE_FOOD_POISONING,2
WB_180_FOOD_SAFETY,2
WB_2988_FOOD_POISONING,2
WB_1054_FOOD_BORNE_DISEASES,2
TAX_FNCACT_BREADWINNER,4
HUMAN_RIGHTS_ABUSES_HUMAN_RIGHTS_ABUSES,4
TAX_ETHNICITY_PALESTINIANS,1
WB_1859_CHILD_LABOR,1
TAX_RELIGION_MOSQUES,1
TAX_RELIGION_UYGHURS,1
TAX_ETHNICITY_UYGHURS,1
TAX_WORLDLANGUAGES_UYGHURS,1
TAX_RELIGION_UYGHUR,1
TAX_ETHNICITY_UYGHUR,1
TAX_WORLDLANGUAGES_UYGHUR,1
CHECKPOINT,1
UNREST_CHECKPOINT,1
DISCRIMINATION_IMMIGRATION_ANTIIMMIGRATION,1
WB_798_LOCAL_AND_REGIONAL_ECONOMIC_DEVELOPMENT,1
TAX_WORLDLANGUAGES_SINGHALA,2
STATE_OF_EMERGENCY,1
TAX_FNCACT_DEATH_SQUADS,1
TAX_RELIGION_WITCHCRAFT,1
TAX_FNCACT_BACHELORS,1
WB_1614_NUTRITIONAL_PROGRAMS,1
WB_1616_SUPPLEMENTARY,1
TAX_FNCACT_POLICE_COMMISSIONER,5
NATURAL_DISASTER_BUSHFIRE,1
TAX_FNCACT_ARTIST,1
TAX_ETHNICITY_CREOLE,1
TAX_WORLDLANGUAGES_CREOLE,1
TAX_WORLDMAMMALS_DRILLS,3
TAX_FNCACT_ACCOUNTANTS,1
WB_1089_STRUCTURAL_TRANSFORMATION,2
WB_2987_AGRIBUSINESS_DEVELOPMENT,1
WB_2418__D_PRINTING,2
TAX_ETHNICITY_TSONGA,2
TAX_WORLDLANGUAGES_TSONGA,2
TAX_ETHNICITY_INDONESIAN,2
TAX_WORLDLANGUAGES_INDONESIAN,2
WB_2935_NICKEL,1
WB_2658_MANDATORY_RETIREMENT_AGE,1
TAX_FNCACT_CONSULTANTS,3
TAX_FNCACT_MAGISTRATES,4
TAX_DISEASE_PARALYSIS,1
TAX_FNCACT_STAFFERS,3
TAX_FNCACT_TECHNOCRATS,5
TAX_WORLDLANGUAGES_ADELE,2
WB_2454_COUNTERFEIT_GOODS,4
ECON_DEVELOPMENTORGS_ORGANISATION_FOR_ECONOMIC_COOPERATION,4
TAX_FNCACT_UNION_MEMBERS,4
TAX_FNCACT_TAX_COLLECTORS,2
TAX_TERROR_GROUP_PEOPLE_LIBERATION_ARMY,2
TAX_FNCACT_TRAINERS,1
TAX_FNCACT_HERO,2
TAX_FNCACT_VOLUNTEER,1
TAX_ETHNICITY_ALGERIANS,1
TAX_WORLDLANGUAGES_ALGERIANS,1
TAX_FNCACT_MILITARY_PERSONNEL,1
TAX_WEAPONS_BOMBS,1
SOC_AIDASSISTANCE,1
POLITICAL_PRISONER,1
ECON_GOLDPRICE,1
WB_449_FISCAL_RISKS,1
WB_1145_CONTINGENT_LIABILITIES,1
TAX_FNCACT_WELDER,1
TAX_FNCACT_ATTORNEYS,6
TAX_ETHNICITY_SWAZI,2
TAX_WORLDLANGUAGES_SWAZI,2
WB_2788_LABOR_MARKET_INSTITUTIONS_AND_POLICIES,2
WB_2802_WORKING_CONDITIONS,2
TAX_WORLDLANGUAGES_SWATI,2
TAX_FNCACT_MACHINIST,2
TAX_DISEASE_YELLOW_FEVER,2
MEDICAL_SECURITY,2
TAX_FNCACT_BEGGAR,2
TAX_WORLDLANGUAGES_BENIN,4
WB_1661_EMPLOYMENT_INCENTIVES,4
WB_883_TAX_INCENTIVES,4
ENV_GEOTHERMAL,1
WB_788_URBAN_TRANSPORT,5
WB_903_TRANSIT_ORIENTED_DEVELOPMENT,5
WB_1700_NONMETALLIC_MINERAL_MINING_AND_QUARRYING,2
TAX_FNCACT_MESSENGERS,2
TAX_ETHNICITY_ZAMBIAN,1
WB_786_RURAL_ROADS,1
TAX_DISEASE_TONIC,3
TAX_WORLDLANGUAGES_LANGE,3
TAX_DISEASE_INSOMNIA,3
TAX_POLITICAL_PARTY_ALLIANCE_PARTY,2
TAX_POLITICAL_PARTY_DEMOCRATIC_ALLIANCE_PARTY,2
TAX_FNCACT_ELECTED_OFFICIALS,4
TAX_FNCACT_QUEENS,2
TAX_DISEASE_ILLUSIONS,1
WB_1723_PERFORMANCE_BASED_FISCAL_TRANSFER,1
WB_475_JOBS_AND_GROWTH,1
WB_2679_JOBLESS_GROWTH,1
WB_353_PAYMENT_SYSTEMS,1
WB_351_PAYMENT_AND_MARKET_INFRASTRUCTURE,1
TAX_WORLDBIRDS_GEESE,1
AUSTERITY,2
WB_1074_FISCAL_CONTRACTION,2
WB_1072_FISCAL_POLICY_AND_GROWTH,2
TAX_RELIGION_HINDU,1
TAX_ETHNICITY_HINDU,1
SLFID_CIVIL_LIBERTIES,1
TAX_DISEASE_METABOLISM,1
TAX_POLITICAL_PARTY_WORKERS_PARTY,1
WB_1844_MARKET_BASED_CLIMATE_CHANGE_MITIGATION,1
WB_1845_CARBON_TAX,1
TAX_FNCACT_ATTENDANTS,1
TAX_FNCACT_FLIGHT_ATTENDANTS,1
TAX_FNCACT_CREW_MEMBER,1
TAX_DISEASE_COMA,1
TAX_FNCACT_BRIDE,1
TAX_FNCACT_GROOM,1
TAX_FNCACT_THE_GROOM,1
WB_2133_QUALIFICATION_FRAMEWORKS,1
WB_2822_LIFELONG_EDUCATION,1
WB_809_RESILIENT_CITIES,1
WB_2961_RESILIENT_INFRASTRUCTURE,1
TAX_FNCACT_BOARD_MEMBERS,4
TAX_WORLDFISH_PILCHARDS,1
TAX_WORLDLANGUAGES_TAMARA,1
TAX_FNCACT_SOCIALITE,1
WB_1166_SPATIAL_INEQUALITY,1
WB_2098_OUTSOURCING,2
TAX_ETHNICITY_KOREANS,1
TAX_WORLDLANGUAGES_KOREANS,1
HUMAN_RIGHTS_ABUSES_TORTURE,1
TAX_WORLDBIRDS_RUFF,1
ASSASSINATION,2
WB_1701_MINING_SERVICES,1
WB_896_GEOLOGICAL_MAPPING_AND_DATABASES,1
WB_2286_GEOLOGICAL_SURVEY,1
TAX_WORLDLANGUAGES_SAMIA,2
WB_330_FINANCIAL_INTELLIGENCE,5
TAX_TERROR_GROUP_AFRICAN_NATIONAL_CONGRESSES,4
TAX_TERROR_GROUP_DEMOCRATIC_FRONT,4
TAX_TERROR_GROUP_UNITED_DEMOCRATIC_FRONT,4
TAX_POLITICAL_PARTY_UNITED_DEMOCRATIC_FRONT,4
HUMAN_RIGHTS_ABUSES_FORCED_MARRIAGES,4
TAX_FNCACT_PEER,4
WB_643_AGING_POPULATION,3
TAX_FNCACT_MILITARY_OFFICER,1
TAX_FNCACT_PORTFOLIO_MANAGER,1
WB_2686_SKILLS_GAP,2
WB_2683_CHANGING_NATURE_OF_JOBS,2
WB_2671_JOBS_AND_DEVELOPMENT,2
TAX_WORLDMAMMALS_BLUE_DUIKER,1
WB_175_FERTILIZERS,2
TAX_FNCACT_INVENTOR,2
TAX_WORLDLANGUAGES_SWEDISH,2
TAX_DISEASE_CARBON_MONOXIDE_POISONING,2
TAX_FNCACT_FREELANCER,2
TAX_FNCACT_GANGSTER,2
WB_1167_EQUALITY_OF_OPPORTUNITIES,4
WB_2337_RURAL_CONNECTIVITY,1
TAX_WORLDMAMMALS_WOLF,1
TAX_TERROR_GROUP_SOMALI_PIRATES,1
MIL_MERCENARIES,1
WB_2447_MERCENARIES,1
TAX_DISEASE_INFECTIOUS_DISEASE,1
TAX_FNCACT_ACTOR,1
TAX_FNCACT_PUBLISHER,4
WB_526_RENEWABLE_ENERGY_POLICY_AND_REGULATION,1
TAX_FNCACT_PERFORMER,2
TAX_MILITARY_TITLE_SENIOR_GENERAL,1
TAX_FNCACT_GENERAL_MANAGERS,1
WB_1230_TOURISM_VALUE_CHAIN,2
WB_2303_FRACKING,2
WB_2273_UPSTREAM_OIL_AND_GAS,2
TAX_ETHNICITY_LAOS,1
TAX_FNCACT_SENIOR_VICE_PRESIDENT,1
EPU_CATS_ENTITLEMENT_PROGRAMS,11
TAX_ETHNICITY_TAMILS,1
TAX_WORLDLANGUAGES_TAMILS,1
TAX_FNCACT_OFFICEBEARERS,1
TAX_ETHNICITY_INDIANS,1
TAX_FNCACT_UNIONIST,2
TAX_FNCACT_TRADE_UNIONIST,2
TAX_FNCACT_MISTRESS,1
NATURAL_DISASTER_VOLCANIC,1
TAX_FNCACT_TRAVEL_AGENT,3
NATURAL_DISASTER_LAVA,1
NATURAL_DISASTER_VOLCANO,1
NATURAL_DISASTER_ERUPTION,3
EMERG_EMERGSHELTER,1
NATURAL_DISASTER_TREMORS,1
TAX_FNCACT_WHOLESALER,1
TAX_FNCACT_MARSHAL,1
TAX_FNCACT_AUDITOR,2
WB_546_UPSTREAM_FISCAL_POLICIES_AND_REVENUE_COLLECTION,2
WB_2293_COST_OIL,2
WB_2292_OIL_AND_GAS_PRODUCTION_SHARING,2
TAX_FNCACT_BUREAUCRATS,2
UNGP_JOB_OPPORTUNITIES_WORKING_CONDITIONS,1
TAX_WORLDLANGUAGES_QASHQAI,1
TAX_FNCACT_EXPLORER,5
GOV_WIRETAPPING,1
WB_2944_SERVERS,1
WB_671_STORAGE_MANAGEMENT,1
TAX_WORLDMAMMALS_HORSES,2
SOC_AGINGPOPULATION,2
WB_1781_URBAN_ECOSYSTEMS,2
WB_865_TRADE_CORRIDORS,1
TAX_DISEASE_HYPERTENSION,2
WB_1432_HYPERTENSION,2
TAX_DISEASE_GALLBLADDER,2
TAX_DISEASE_TUMOUR,2
TAX_DISEASE_DISEASE_SUSCEPTIBILITY,2
TAX_DISEASE_METABOLIC_DISEASES,2
TAX_FNCACT_VETS,1
TAX_WORLDLANGUAGES_BURMA,1
LANDMINE,1
TAX_WEAPONS_LANDMINES,1
TAX_AIDGROUPS_TRANSPARENCY_INTERNATIONAL,1
TAX_FNCACT_ROLE_MODEL,12
WB_1798_WATER_POLLUTION,12
TAX_DISEASE_CHOLERA,1
TAX_WORLDFISH_HERRING,1
WB_2289_OIL_AND_GAS_REFINING,1
WB_544_MID_AND_DOWNSTREAM_OIL_AND_GAS,1
TAX_FNCACT_TAXMAN,1
TAX_FNCACT_PHOTOGRAPHER,1
TAX_TERROR_GROUP_MOVEMENT_FOR_DEMOCRATIC_CHANGE,1
TAX_POLITICAL_PARTY_MOVEMENT_FOR_DEMOCRATIC_CHANGE,1
REL_ANTISEMITISM,1
TAX_FOODSTAPLES_EGGS,2
TAX_FNCACT_POLICEMEN,1
TAX_FNCACT_PRESENTER,1
TAX_DISEASE_KIDNEY_DISEASE,4
TAX_DISEASE_CLEFT_LIP,4
TAX_FNCACT_ATHLETE,4
NATURAL_DISASTER_ICY,4
TAX_WORLDMAMMALS_HORSE,4
TAX_DISEASE_FATIGUE,1
ECON_WORLDCURRENCIES_BRITISH_POUND,2
TAX_DISEASE_LUMPY_SKIN_DISEASE,1
TAX_DISEASE_ANTHRAX,1
TAX_WORLDMAMMALS_CAT,1
TAX_DISEASE_BLUETONGUE,1
TAX_DISEASE_DIARRHOEA,1
TAX_DISEASE_CONTAGIOUS,1
TAX_DISEASE_PLEUROPNEUMONIA,1
TAX_DISEASE_BOVINE_PLEUROPNEUMONIA,1
TAX_DISEASE_ENCEPHALOPATHY,1
TAX_DISEASE_SPONGIFORM_ENCEPHALOPATHY,1
TAX_DISEASE_BOVINE_SPONGIFORM_ENCEPHALOPATHY,1
TAX_DISEASE_MAD_COW_DISEASE,1
TAX_FNCACT_COUNSELOR,2
EPU_POLICY_DUMA,3
TAX_FNCACT_EXPRESIDENT,1
WB_1388_ENVIRONMENTAL_AND_SOCIAL_ASSESSMENTS,1
TAX_ETHNICITY_AFRIKANER,2
TAX_FNCACT_POLITICAL_LEADER,1
WB_569_HYDROMET_SERVICES,1
TAX_FNCACT_CFO,3
TAX_WORLDLANGUAGES_KWAME,1
TAX_DISEASE_INTRINSIC,1
TAX_FNCACT_CHEFS,1
WB_2849_JOBS_IN_AGRICULTURE,1
TAX_FNCACT_LANDLORDS,4
TAX_FNCACT_TYPISTS,1
TAX_FNCACT_TYPESETTERS,1
NATURAL_DISASTER_FLOOD,1
TAX_FNCACT_FACILITATOR,8
TAX_FNCACT_RECRUITER,8
TAX_FNCACT_PATHOLOGIST,2
TAX_FNCACT_FORENSIC_PATHOLOGIST,2
TAX_FNCACT_STRIPPER,2
TAX_WORLDMAMMALS_CATS,2
TAX_WORLDBIRDS_DUCK,1
WB_2559_FOOD_TRADE,2
WB_192_AGRICULTURAL_TRADE,2
WB_1960_FARM_INPUTS,2
WB_1192_IMPACT_OF_TRADE,2
TAX_FOODSTAPLES_POTATOES,3
WB_1252_MOBILE_BANKING,1
WB_371_BRANCHLESS_BANKING,1
WB_1254_INTERNET_BANKING,1
WB_2947_OPERATING_SYSTEMS,1
TAX_FOODSTAPLES_CORN,1
TAX_FNCACT_TAXI_DRIVER,1
TAX_WORLDLANGUAGES_MADIA,3
TAX_FNCACT_EDUCATORS,3
TAX_FNCACT_PHILANTHROPIST,3
WB_877_ASSET_MANAGEMENT,1
TAX_FNCACT_CHIEF_INFORMATION_OFFICER,1
WB_1042_TRADEMARKS,2
WB_2128_RURAL_EDUCATION,2
TAX_ETHNICITY_GUJARATI,2
TAX_WORLDLANGUAGES_GUJARATI,2
UNREST_ULTIMATUM,1
TAX_WORLDLANGUAGES_NAGAR,1
TAX_FNCACT_ASTRONAUT,1
HATE_SPEECH,5
UNREST_SELF_IDENTIFIED_HATE_SPEECH,5
TAX_WORLDLANGUAGES_CHINGS,2
TAX_WORLDMAMMALS_DOG,2
ECON_WORLDCURRENCIES_TURKISH_LIRA,1
TAX_ETHNICITY_ASHANTI,1
TAX_FNCACT_DRESSMAKER,1
TAX_ETHNICITY_POLES,1
TAX_RELIGION_JEWISH,1
TAX_ETHNICITY_JEWISH,1
DISCRIMINATION_IMMIGRATION_ULTRANATIONALIST,1
TAX_WORLDBIRDS_BLUE_CRANE,2
TAX_FNCACT_CHIEF_OPERATIONS_OFFICER,2
NATURAL_DISASTER_CYCLONE,4
WB_1893_TAX_LAW,4
TAX_FNCACT_PRESIDING_OFFICERS,1
WB_1041_PATENTS,1
WB_2186_SOCIAL_HOUSING,1
WB_612_HOUSING_FINANCE,1
WB_197_AGRICULTURAL_RESEARCH,1
TAX_FNCACT_CHIEF_JUSTICES,2
WB_2100_ADMINSTRATIVE_SIMPLIFICATION,2
WB_2736_RETURNS_TO_WORK,2
WB_2738_LABOR_EARNINGS,2
WB_946_JUDICIAL_EDUCATION_AND_TRAINING,2
WB_945_JUDICIAL_INDEPENDENCE,2
TAX_FNCACT_FACILITATORS,2
TAX_FNCACT_RESEARCH_ANALYST,5
